"id","seq","hydo","hydri","charge","pi","mol"
"1001","CSNIDARAC","0.75","0.19","0","6.13","952.17"
"1002","CDPSRGKNC","0.72","0.83","1","8.38","979.2"
"1003","CPSDLKDAC","0.93","0.56","-1","4.21","951.18"
"1004","CRTTRGTKC","0.52","0.64","3","9.72","1025.32"
"1005","CRMTRNKPC","0.86","0.61","3","9.72","1108.47"
"1006","CRVSRQNKC","0.78","0.69","3","9.72","1093.4"
"1007","CAKIDPELC","1.17","0.32","-1","4.38","991.3"
"1008","CGGERGKSC","0.51","0.81","1","8.38","896.12"
"1009","YSINDWH","1.13","-0.64","-0.5","5.09","934.07"
"1010","YSFNSWM","1.13","-1.24","0","5.88","934.12"
"1011","PNPNNST","0.6","0.07","0","5.88","742.83"
"1012","YPTPYDI","1.48","-0.54","-1","3.8","868.04"
"1013","LPAMPNS","1.05","-0.44","0","5.88","728.95"
"1014","CNRRTKAGC","0.59","0.7","3","9.72","1008.29"
"1015","SRHDLNS","0.48","0.64","0.5","7.1","827.94"
"1016","STVATSQ","0.46","-0.29","0","5.88","692.81"
"1017","QRLGNQWAVGHLM","0.95","-0.55","1.5","10.11","1509.96"
"1018","RGDF","0.79","0.88","0","6.19","493.56"
"1019","KGVSLSYR","0.83","0.13","2","10.01","909.16"
"1020","QFPPKLTNNSML","1.05","-0.33","1","9.11","1389.81"
"1021","SYDILKPNPQRL","1.2","0.17","1","8.93","1443.84"
"1022","SHGKPPSFSPYT","0.98","-0.15","1.5","8.94","1304.58"
"1023","LLADTTHHRPWT","0.89","-0.31","1","7.26","1447.79"
"1024","CTPSPPFSHC","1.08","-0.48","0.5","7.03","1075.34"
"1025","CPNGRC","0.8","0.2","1","8.39","648.82"
"1027","CLSYYPSYC","1.26","-1.12","0","5.81","1098.36"
"1028","RTRYED","0.68","1.55","0","6.42","838.94"
"1029","GMMYRS","0.83","-0.27","1","9.1","743.97"
"1030","RWRTNF","1","-0.02","2","12.01","879.06"
"1031","RLQLKL","1.24","0.13","2","11.01","770.08"
"1032","RIPLEM","1.32","0.18","0","6.36","758.03"
"1033","QFDEPR","1.09","1.12","-1","4.38","790.9"
"1034","TSAVRT","0.45","0.08","1","10.11","633.77"
"1035","GLWQGP","1.22","-0.83","0","5.88","656.83"
"1036","QCTGRF","0.81","-0.12","1","8.6","710.88"
"1037","LPGMMG","1","-0.73","0","5.88","604.87"
"1038","DVGTTE","0.4","0.62","-2","3.67","620.69"
"1039","TDLGAM","0.65","-0.17","-1","3.8","606.77"
"1040","DSNAES","0.28","1.05","-2","3.67","621.62"
"1041","ITDMAA","0.86","-0.25","-1","3.8","620.79"
"1042","WRPCES","1.13","0.32","0","6.32","776.93"
"1043","WRNTIA","1.03","-0.48","1","10.11","759.94"
"1044","IDKQLE","1.15","0.93","-1","4.38","744.93"
"1045","FMEIET","1.07","0","-2","3.8","768.96"
"1046","HEVVAG","0.73","-0.17","-0.5","5.25","610.75"
"1047","GGHTRQ","0.41","0.38","1.5","10.11","654.77"
"1048","INGKVT","0.81","-0.08","1","9.11","630.83"
"1049","VPWXEPAYQRFL","1.34","-0.48","0","6.35","1387.77"
"1050","GRDS","0.29","1.57","0","6.19","433.46"
"1051","RGEPAYQRFL","1.08","0.21","1","9.1","1236.53"
"1052","RGDPAYQRFL","1.08","0.21","1","9.1","1222.5"
"1053","WXEPAYQGRFL","1.17","-0.39","0","6.35","1248.56"
"1054","WXEPAYNGRFL","1.08","-0.39","0","6.35","1234.53"
"1055","RGEPAYQGRFL","0.99","0.19","1","9.1","1293.6"
"1056","RGDPAYQGRFL","0.99","0.19","1","9.1","1279.57"
"1057","RGEPAYNGRFL","0.9","0.19","1","9.1","1279.57"
"1058","RGDPAYNGRFL","0.9","0.19","1","9.1","1265.54"
"1059","WXEPAYQRFL","1.28","-0.43","0","6.35","1191.49"
"1060","AXEPAYQRFL","1.07","-0.14","0","6.35","1076.35"
"1061","WAEPAYQRFL","1.34","-0.48","0","6.35","1280.58"
"1062","WXAPAYQRFL","1.29","-0.78","1","9.1","1133.45"
"1063","WXEAAYQRFL","1.14","-0.48","0","6.35","1165.45"
"1064","WXEPAAQRFL","1.15","-0.25","0","6.36","1099.39"
"1065","WXEPAYARFL","1.23","-0.5","0","6.35","1134.43"
"1066","WXEPAYQAFL","1.28","-0.78","-1","4","1106.38"
"1067","WXEPAYQAAL","1.14","-0.58","-1","4","1030.28"
"1068","WXEPAYQAFA","1.19","-0.65","-1","4","1064.29"
"1069","EXEPAYQRFL","1.06","0.21","-1","4.54","1134.39"
"1070","LXEPAYQRFL","1.17","-0.27","0","6.35","1118.44"
"1071","KXEPAYQRFL","1.13","0.21","1","8.93","1133.45"
"1072","QXEPAYQRFL","1.12","-0.07","0","6.35","1133.41"
"1073","YXEPAYQRFL","1.2","-0.32","0","6.35","1168.45"
"1074","FXEPAYQRFL","1.21","-0.34","0","6.35","1152.45"
"1075","F*XEPAYQRFL","1.21","-0.34","0","6.35","1152.45"
"1076","FXEPAYQRFL","1.21","-0.34","0","6.35","1152.45"
"1077","WEEPAYQRFL","1.32","-0.13","-1","4.54","1338.62"
"1078","WLEPAYQRFL","1.43","-0.61","0","6.35","1322.67"
"1079","WIEPAYQRFL","1.5","-0.61","0","6.35","1322.67"
"1080","WKEPAYQRFL","1.39","-0.13","1","8.93","1337.68"
"1081","WQEPAYQRFL","1.38","-0.41","0","6.35","1337.64"
"1082","WTEPAYQRFL","1.28","-0.47","0","6.35","1310.61"
"1083","WXEPAYQREL","1.12","0.12","-1","4.54","1173.43"
"1084","WXEPAYQRLL","1.23","-0.36","0","6.35","1157.48"
"1085","WXEPAYQRKL","1.19","0.12","1","8.93","1172.49"
"1086","WXEPAYQRQ","1.14","0.02","0","6.35","1059.27"
"1087","WXEPAYQRYL","1.26","-0.41","0","6.35","1207.49"
"1088","WXEPAYQRF*L","1.28","-0.43","0","6.35","1191.49"
"1089","WXEPAYQRFL","1.28","-0.43","0","6.35","1191.49"
"1090","WXEPAYQRRE","1.03","0.6","0","6.49","1216.45"
"1091","WXEPAYQRFL","1.28","-0.43","0","6.35","1191.49"
"1092","WXEPAYQRFK","1.24","0.05","1","8.93","1206.5"
"1093","WXEPAYQRFQ","1.23","-0.23","0","6.35","1206.46"
"1094","WXEPAYQRFT","1.13","-0.29","0","6.35","1179.43"
"1095","WXEPAYQRFF","1.33","-0.5","0","6.35","1225.5"
"1096","XEPAYQRFL","1.13","-0.1","0","6.35","1005.26"
"1097","EEPAYQRFL","1.18","0.23","-1","4.54","1152.39"
"1098","LEPAYQRFL","1.3","-0.3","0","6.35","1136.44"
"1099","LEPAYQRFL","1.3","-0.3","0","6.35","1136.44"
"1100","KEPAYQRFL","1.25","0.23","1","8.93","1151.45"
"1101","QEPAYQRFL","1.24","-0.08","0","6.35","1151.41"
"1102","TEPAYQRFL","1.13","-0.14","0","6.35","1124.38"
"1103","XEPAYQREL","0.95","0.51","-1","4.54","987.2"
"1104","XEPAYQRLL","1.07","-0.02","0","6.35","971.25"
"1105","XEPAYQRKL","1.03","0.51","1","8.93","986.26"
"1106","XEPAYQRQL","1.02","0.2","0","6.35","986.22"
"1107","XEPAYQRYL","1.11","-0.08","0","6.35","1021.26"
"1108","XEPAYQRF*L","1.13","-0.1","0","6.35","1005.26"
"1109","XEPAYQRFL","1.13","-0.1","0","6.35","1005.26"
"1110","XEPAYQRFE","1.01","0.43","-1","4.54","1021.21"
"1111","XEPAYQRFL","1.13","-0.1","0","6.35","1005.26"
"1112","XEPAYQRFK","1.08","0.43","1","8.93","1020.27"
"1113","XEPAYQRFQ","1.07","0.12","0","6.35","1020.23"
"1114","XEPAYQRFT","0.96","0.06","0","6.35","993.2"
"1115","XEPAYQRFF","1.18","-0.18","0","6.35","1039.27"
"1116","KSLSRHDHIHHH","0.76","0.29","3.5","9.11","1503.83"
"1117","GGCLQILPTLSECFGR","0.96","-0.35","0","6.3","1694.24"
"1118","GLKVCGRYPGICDGIR","1.02","0.05","2","8.98","1707.28"
"1119","GKYTWYGYSLRANWMR","1.06","-0.51","3","10","2052.57"
"1120","VPCQKRPGWVCLW","1.42","-0.57","2","9.03","1572.11"
"1121","KWCVIWSKEGCLF","1.34","-0.55","1","8.36","1599.13"
"1122","SSWCMRGQYNKICMW","1.13","-0.57","2","8.98","1893.46"
"1123","VECYLIRDNLCIY","1.25","-0.47","-1","4.38","1617.1"
"1124","WWCLGERVVRCAH","1.12","-0.43","1.5","8.4","1615.09"
"1125","FYCVIERLGVCLY","1.31","-0.88","0","6.29","1578.11"
"1126","RVCFLWQDGRCVF","1.22","-0.46","1","8.39","1629.11"
"1127","NRLKCRAQATHSAAPCIRGY","0.85","0.1","4.5","10.11","2216.84"
"1128","RQNSCTYSDARRWALCWSGE","0.81","0.1","1","8.38","2389.87"
"1129","QLNSCIHSGDRAIRGCMDWV","0.9","-0.08","0.5","7.03","2261.87"
"1130","KYGLCRDETVFPSHSCTFTG","0.83","-0.09","0.5","7.03","2248.79"
"1131","GSPQCPGGFNCPRCDCGAGY","0.86","-0.13","0","6.08","1989.47"
"1132","GTGSCGYGKLHTGYWCSYFP","0.91","-0.72","1.5","8.33","2184.72"
"1133","NSSSCDTSVVRSTWACILQP","0.81","-0.27","0","6.13","2154.67"
"1134","VRAVCTTLKSRGHEECWSLQ","0.82","0.1","1.5","8.38","2303.93"
"1135","VYAQCGVNVRTGRGGCSRLM","0.73","-0.15","3","9.72","2127.78"
"1136","VHMNCSWMRVSEGHPCESAD","0.79","0.03","-1","5.28","2275.81"
"1137","GRQGCYEHLWRLIAWCAIFL","1.25","-0.75","1.5","8.38","2436.2"
"1138","LRMTCAFGVAQRSADCALSS","0.76","-0.16","1","8.39","2087.68"
"1139","SIVNCSAALTDLPTRCGGNI","0.78","-0.28","0","6.13","2005.58"
"1140","CGTRCVRCQNGPEASCEQPL","0.81","0.24","0","6.39","2151.71"
"1141","TPLFCGNHGRQPSPLCMKWD","1.05","-0.2","1.5","8.38","2287.95"
"1142","FTTVCRQPRGHEAIVCGSGK","0.82","0.07","2.5","9.03","2146.76"
"1143","APSFCGTAMLGASRYCYSGP","0.87","-0.51","1","8.36","2039.59"
"1144","GARECESGGPGMRKLCTQIN","0.72","0.39","1","8.38","2107.7"
"1145","NNRACFRTSKGNPAECPYLG","0.8","0.15","2","8.98","2198.73"
"1146","GSLACQNIVVCVKKQCNALC","0.97","-0.39","2","8.63","2094.85"
"1147","KRASCQNPLFSNFFVCGLSE","0.94","-0.23","1","8.38","2247.85"
"1148","LPNFCMDTSGRAGPLCMGSE","0.8","-0.09","-1","4.38","2086.68"
"1149","RHTVCRVSLSSVQGSCSHEY","0.69","-0.06","2","8.38","2235.76"
"1150","CGLIIQKNEC","1.09","-0.1","0","6.29","1120.5"
"1151","CNAGESSKNC","0.47","0.45","0","6.29","1012.2"
"1152","GRRTRSRRLRRS","0.5","1.62","7","12.78","1556.95"
"1153","SMSIASPQIPWS","1.17","-0.62","0","5.88","1303.66"
"1154","TPRNLRTSNTHR","0.52","0.52","3.5","12.31","1452.76"
"1155","GRRIAGPYIALE","1.07","0.03","1","9.1","1315.71"
"1156","SMPINSPYIPWS","1.35","-0.79","0","5.88","1391.77"
"1157","GRRPMKLNKTP","0.94","0.79","4","12.02","1297.74"
"1158","GRRINRLILPRN","1","0.43","4","12.48","1477.96"
"1159","GRRTRSSRLRNS","0.4","1.16","5","12.61","1445.76"
"1160","CLSDGKRKC","0.79","0.94","2","8.98","1009.32"
"1161","CLDGGRPKC","0.89","0.58","1","8.38","948.24"
"1162","CREAGRKAC","0.69","1","2","9.03","993.27"
"1163","CAGRRSAYC","0.73","0.11","2","9.03","986.23"
"1164","CNRRTKAGC","0.59","0.7","3","9.72","1008.29"
"1165","CPIEDRPMC","1.22","0.43","-1","4.38","1063.38"
"1166","CGRRAGGSC","0.47","0.42","2","9.1","866.09"
"1167","CGNSNPKSC","0.61","0.22","1","8.38","909.11"
"1168","CPHNLTKLC","1","-0.37","1.5","8.38","1028.38"
"1169","GPLPLR","1.27","-0.1","1","10.11","651.89"
"1170","CDCRGDCFC","0.88","0.28","-1","4.21","1021.26"
"1171","GHGKHKNK","0.61","1.02","4","10.31","905.15"
"1172","HKHGHGHGKHKNKGK","0.61","0.85","7.5","10.61","1687.15"
"1173","KHGHGHGK","0.54","0.56","3.5","10.02","857.07"
"1174","KGHHGKHG","0.54","0.56","3.5","10.02","857.07"
"1175","HKNKGKKN","0.67","1.49","4.5","10.49","953.23"
"1176","CRGRRST","0.43","1.13","3","11.71","835.03"
"1177","CRSRKG","0.59","1.38","3","10.87","705.9"
"1178","CKAAKNK","0.83","1.03","3","9.81","762.02"
"1179","CKGAKAR","0.75","1","3","10.07","732.98"
"1180","FRVGVADV","0.97","-0.19","0","6.19","862.1"
"1181","CEYQLDVE","1.03","0.33","-3","3.58","998.18"
"1182","CSRPRRSEC","0.72","1.18","2","9.1","1093.34"
"1183","CGKRK","0.81","1.6","3","10.07","590.8"
"1184","CDTRL","0.74","0.56","0","6.16","606.75"
"1185","CGTKRKC","0.74","0.94","3","9.53","795.07"
"1186","CDTAVVEGL","0.77","-0.08","-2","3.67","906.14"
"1190","CRSRKG","0.59","1.38","3","10.87","705.9"
"1191","CEYQLDVE","1.03","0.33","-3","3.58","998.18"
"1192","CPIEDRPMC","1.22","0.43","-1","4.38","1063.38"
"1193","PIEDRPM","1.26","0.84","-1","4.38","857.08"
"1194","PIDERPM","1.26","0.84","-1","4.38","857.08"
"1195","ALRDRPM","0.99","0.77","1","9.95","858.11"
"1196","PMMRQRPM","1.21","0.29","2","12.01","1046.44"
"1197","PLASRPM","1.12","-0.04","1","10.11","771.03"
"1198","PEKFRPM","1.33","0.74","1","9.1","904.18"
"1199","VPEQRPM","1.22","0.49","0","6.36","856.1"
"1200","DLPMHPM","1.27","-0.27","-0.5","5.09","840.12"
"1201","QFQSQPM","1.2","-0.41","0","5.88","865.07"
"1202","QPPMEYS","1.22","-0.01","-1","4","851.03"
"1203","NGRSL","0.46","0.34","1","10.11","545.66"
"1204","MTQMIS","0.96","-0.72","0","5.88","709.96"
"1205","TALSPQ","0.88","-0.37","0","5.88","615.76"
"1206","WNLPWYYSVSPT","1.33","-1.19","0","5.87","1512.85"
"1207","LTVLPW","1.51","-1.48","0","5.88","727.99"
"1208","LTVEPWL","1.36","-0.84","-1","4","857.12"
"1209","LTVSPLWD","1.19","-0.7","-1","3.8","930.18"
"1210","LTVTPWL","1.3","-1.33","0","5.88","829.11"
"1211","LTVQPWP","1.5","-0.99","0","5.88","840.09"
"1212","LTVSPWT","1.09","-1.03","0","5.88","803.02"
"1213","VLTVQPW","1.41","-1.2","0","5.88","842.11"
"1214","LTVSLWT","1.03","-1.29","0","5.88","819.07"
"1215","PGVIPWN","1.46","-0.93","0","5.88","782.01"
"1216","LTYQTWP","1.31","-1.16","0","5.88","908.12"
"1217","ELYVSRL","1.05","-0.16","0","6.35","879.12"
"1218","NLYYASW","1.24","-1.4","0","5.87","916.09"
"1219","LTVSPWY","1.35","-1.3","0","5.88","865.09"
"1220","TLTVLPW","1.3","-1.33","0","5.88","829.11"
"1221","NLYVASW","1.16","-1.29","0","5.88","852.05"
"1222","SMSIARL","0.89","-0.26","1","10.11","777.04"
"1223","VSFLEYR","1.12","-0.26","0","6.35","913.13"
"1224","CPGPEGAGC","0.81","0.06","-1","4","789.99"
"1225","RGDfK","0.86","1.3","1","9.1","621.75"
"1226","PRPGAPLAGSWPGTS","0.94","-0.2","1","10.11","1450.82"
"1227","ADGAPRPGAPLA","0.92","0.18","0","6.19","1092.37"
"1228","DRWRPALPVVLFPLH","1.38","-0.42","1.5","9.95","1816.4"
"1229","ASSSYPLIHWRPWAR","1.2","-0.49","2.5","10.84","1827.28"
"1230","DRWRPALP","1.29","0.41","1","9.95","1010.26"
"1231","IHWRPWAR","1.49","-0.45","2.5","12.01","1121.42"
"1232","AAEWLDAFFVRHVDR","1.06","-0.01","-0.5","5.39","1832.25"
"1233","GDVWLFLTSTSHFAR","0.91","-0.58","0.5","7.1","1737.16"
"1234","GCSVSSVGALCTHV","0.66","-0.63","0.5","7.03","1319.71"
"1235","APCCSHLDASPFQRP","1.04","-0.07","0.5","7.03","1629.03"
"1236","AQSNFVTWGYNVAV","0.94","-0.94","0","5.88","1555.91"
"1237","RASDVGSDVVPRYPF","0.98","0.19","0","6.31","1665.03"
"1238","MARSGL","0.67","-0.05","1","10.11","633.84"
"1239","MARAKE","0.77","1.12","1","9.1","704.91"
"1240","MSRTMS","0.52","0.1","1","10.11","711.92"
"1241","MTKSAG","0.52","0.18","1","9.11","593.77"
"1242","MTKCRG","0.69","0.55","2","9.55","694.94"
"1243","MTRNLQ","0.75","-0.02","1","10.11","761.98"
"1244","MTRQIG","0.87","-0.05","1","10.11","704.93"
"1245","MSRPHK","0.92","0.75","2.5","11.01","754.98"
"1246","MAKHAM","0.89","-0.18","1.5","9.11","687.95"
"1247","CWWRLEGC","1.26","-0.58","0","6.3","1052.34"
"1248","CLQLFSTC","1.05","-1","0","5.82","914.21"
"1249","CAKGYRSC","0.81","0.19","2","8.98","887.13"
"1250","CTGSWLGC","0.82","-0.91","0","5.82","826.06"
"1251","AEGEFMYWGDSHWLQYWYEGDPAK","1.12","-0.24","-3.5","4.18","2966.54"
"1252","AEGEFWGDSHWLQYWYEGDPAK","1.08","-0.1","-3.5","4.18","2672.14"
"1253","AEGEFIHNRYNRFFYWYGDPAK","1.11","-0.12","0.5","7.1","2781.35"
"1254","AEGEFPRWGDSHWLQYWYEGDPAK","1.1","0.04","-2.5","4.51","2925.47"
"1255","AEGEFLMWGGSHWLEYWYEGDPAK","1.07","-0.22","-3.5","4.25","2859.48"
"1256","AEGEFGHWCDQHWLQYWYEGDPAK","1.11","-0.15","-3","4.5","2953.51"
"1257","AEGEFGWWGDSHWLQYEGDPAK","1","0.01","-3.5","4.18","2566.02"
"1258","CRGDCF","0.88","0.25","0","6.13","699.86"
"1259","CDCRGDCFC","0.88","0.28","-1","4.21","1021.26"
"1260","CNGRCVSGCAGRC","0.59","0.04","2","8.67","1285.66"
"1261","CGSLVRC","0.82","-0.29","1","8.39","736.99"
"1262","CRGDCGGKWCFRVCYRGICYRRCR","1","0.18","6","9.44","2917.8"
"1263","MCPKHPLGC","1.18","-0.29","1.5","8.38","985.37"
"1264","LCPKHPLGC","1.21","-0.34","1.5","8.38","967.34"
"1265","HLQIQPWYPQIS","1.52","-0.89","0.5","7.09","1509.92"
"1266","VPWMEPAYQRFL","1.44","-0.59","0","6.35","1536.98"
"1267","LSSVNSFPVVTP","0.97","-0.67","0","5.88","1246.59"
"1268","QPWLEQAYYSTF","1.27","-0.79","-1","4","1532.84"
"1269","SALLPWPVLVNY","1.36","-1.18","0","5.88","1371.82"
"1270","ITTPWDEMRSFL","1.1","-0.19","-1","4.38","1495.88"
"1271","HSFLHPWDLFDY","1.31","-0.75","-1","5.06","1576.9"
"1272","VPWMEPAYQRFL","1.44","-0.59","0","6.35","1536.98"
"1273","MLPKPSSFPVPG","1.26","-0.29","1","9.11","1256.69"
"1274","HSFLHPWDLFDY","1.31","-0.75","-1","5.06","1576.9"
"1275","CNGRCVSGCAGRC","0.59","0.04","2","8.67","1285.66"
"1276","CVLNGRMEC","0.82","-0.04","0","6.3","1024.36"
"1277","FDDARL","0.95","0.7","-1","4.21","735.86"
"1278","FSDARL","0.88","0.25","0","6.19","707.85"
"1279","FSDMRL","0.97","0.12","0","6.19","767.97"
"1280","FVDVRL","1.21","-0.22","0","6.19","747.97"
"1281","FTDIRL","1.15","-0.08","0","6.19","763.97"
"1282","FNDYRL","1.09","-0.07","0","6.19","826.98"
"1283","FSDTRL","0.79","0.27","0","6.19","737.88"
"1284","DPAFIFYHSTLFFNS","1.17","-0.9","-0.5","5.09","1806.21"
"1285","GGHDGDPVLTGTLFY","0.81","-0.35","-1.5","4.2","1548.9"
"1286","AVDPRMFYLLLRGGA","1.06","-0.33","1","9.1","1679.23"
"1287","PIHYIF","1.82","-1.48","0.5","7.09","789.03"
"1288","YIHYIF","1.8","-1.87","0.5","7.09","855.09"
"1289","RIHYIF","1.59","-0.98","1.5","9.1","848.1"
"1290","WREWFL","1.65","-0.85","0","6.36","936.16"
"1291","WWAMKP","1.7","-0.93","1","9.11","818.08"
"1292","LILSSGELLRHPRG","0.91","0.01","1.5","9.95","1548.04"
"1293","TAASGVRSMH","0.52","-0.11","1.5","10.11","1016.27"
"1294","LTLRWVGLMS","1.05","-0.87","1","10.11","1175.61"
"1295","GGGTRAGMKY","0.57","0.15","2","10.01","997.28"
"1296","WGKIEDPLRA","1.17","0.45","0","6.42","1184.5"
"1297","AGQTLTASGD","0.46","-0.01","-1","3.8","920.08"
"1298","DLLAVSWLRA","1.09","-0.5","0","6.19","1143.49"
"1299","SAERGVVAMS","0.63","0.13","0","6.36","1006.27"
"1300","AIHSELMWVS","1.07","-0.72","-0.5","5.25","1172.51"
"1301","FWTERAGWAY","1.16","-0.7","0","6.35","1286.54"
"1302","MVWSKGPLFL","1.34","-0.9","1","9.11","1177.62"
"1303","AGTRMSWEVL","0.85","-0.26","0","6.36","1149.47"
"1304","VSRSSRWGSI","0.77","0.05","2","12.01","1134.39"
"1305","DAHVLVPRTP","1.04","-0.02","0.5","7.1","1104.41"
"1306","AQGIVLQLAL","1.16","-0.93","0","5.88","1025.42"
"1307","LSPLLSPATA","0.99","-0.62","0","5.88","969.28"
"1308","CDCRGDCFC","0.88","0.28","-1","4.21","1021.26"
"1309","CNGRCVSGCAGRC","0.59","0.04","2","8.67","1285.66"
"1310","NGRAHA","0.43","0.28","1.5","10.11","624.73"
"1311","CVLNGRMEC","0.82","-0.04","0","6.3","1024.36"
"1312","HGRFILPWWYAFSPS","1.39","-1.01","1.5","9.1","1864.35"
"1313","RFRGLISLSQVYLSP","1.1","-0.43","2","10.84","1736.27"
"1314","ARVSFWRYSSFAPTY","1.09","-0.6","2","10","1838.24"
"1315","GSWYAWSPLVPSAQI","1.24","-0.94","0","5.88","1662.09"
"1316","KKEKDIMKKTI","1.12","1.43","3","9.84","1361.87"
"1317","GRGDSPK","0.62","1.33","1","9.1","715.85"
"1318","SNPFSKPYGLTV","1.01","-0.39","1","8.94","1309.65"
"1319","YPHYSLPGSSTL","0.97","-0.68","0.5","7.09","1321.62"
"1320","KDEPQRRSARLSAKPAPPKPEPKPKKAPAKK","1.09","1.24","8","10.77","3433.48"
"1321","TLTYTWS","0.89","-1.2","0","5.88","871.05"
"1322","CREKA","0.78","1.5","1","8.57","605.76"
"1323","CGQKRTRGC","0.64","0.76","3","9.72","1008.3"
"1324","RPARPAR","0.99","1.14","3","12.31","823.04"
"1325","CRGDGWC","0.86","0.09","0","6.13","795.97"
"1326","RGDGWK","0.83","0.93","1","9.1","717.86"
"1327","TSPLNIHNGQKL","0.86","-0.2","1.5","9.11","1321.69"
"1328","CRGDKGPDC","0.77","1.11","0","6.25","950.16"
"1329","CRGDRGPDC","0.71","1.11","0","6.25","978.17"
"1330","CRGDKTTNC","0.51","0.71","1","8.38","997.22"
"1331","CRGDHAGDC","0.56","0.67","-0.5","5.22","933.09"
"1332","CRGDHGVEC","0.64","0.56","-0.5","5.33","975.18"
"1333","CGRGDNLPC","0.76","0.27","0","6.13","934.17"
"1334","CGRGDNLAC","0.62","0.21","0","6.13","908.13"
"1335","CEKRGDNLC","0.72","0.93","0","6.36","1037.29"
"1336","CEKRGDSVC","0.7","0.98","0","6.36","996.23"
"1337","CSGRGDSLC","0.55","0.31","0","6.13","897.1"
"1338","CGKRGDSIC","0.75","0.61","1","8.38","938.2"
"1339","CTGRGDALC","0.61","0.14","0","6.13","895.13"
"1340","CRGDSAC","0.56","0.54","0","6.13","710.85"
"1341","CRGDKGENC","0.56","1.13","0","6.36","981.18"
"1342","CGRGDSPDC","0.64","0.81","-1","4.21","909.06"
"1343","CRGDKGPEC","0.77","1.11","0","6.36","964.19"
"1344","CRGDKHADC","0.68","1","0.5","7.03","1004.21"
"1345","CRGDHAANC","0.57","0.3","0.5","7.03","946.13"
"1346","CRGDAGINC","0.69","0.21","0","6.13","908.13"
"1347","CGRGDMPSC","0.72","0.33","0","6.13","925.17"
"1348","CEKRGDSLC","0.72","0.94","0","6.36","1010.26"
"1349","KDEPQRRSARLSAKPAPPKPEPKPKKAPAKK","1.09","1.24","8","10.77","3433.48"
"1350","CREKA","0.78","1.5","1","8.57","605.76"
"1351","TDSILRSYDWTY","0.99","-0.23","-1","4.21","1519.79"
"1352","DMPKQLLAPWYY","1.49","-0.6","0","6.18","1524.97"
"1353","DMPKQLLAPWYY","1.49","-0.6","0","6.18","1524.97"
"1354","SYPLSFLGPLIS","1.24","-0.92","0","5.88","1293.7"
"1355","TQQPLEGHQLPY","1.1","-0.27","-0.5","5.25","1410.74"
"1356","TGVSWSVAQPSF","0.93","-0.72","0","5.88","1265.55"
"1357","SVSVGMKPSPRP","0.97","0.22","2","11.01","1241.63"
"1358","SQWNSPPSSAAF","0.93","-0.44","0","5.88","1278.49"
"1359","CGNSNPKSC","0.61","0.22","1","8.38","909.11"
"1360","SFSIIHTPILPL","1.37","-0.98","0.5","7.1","1337.81"
"1361","GNGRAHA","0.38","0.24","1.5","10.11","681.8"
"1362","AHLPIVRASLPS","1.09","-0.4","1.5","10.11","1260.67"
"1363","TPMNHHSQHAER","0.66","0.25","1.5","7.36","1444.72"
"1364","GNIIPDRPMHPT","1.11","0.03","0.5","7.1","1347.73"
"1365","FPSSLIIPPLPN","1.46","-0.74","0","5.88","1294.73"
"1366","EDIKPKTSLAFR","1.02","0.69","1","8.93","1404.79"
"1367","YEDIKPKTSLAFR","1.09","0.46","1","8.83","1567.98"
"1368","TQPADLQTHNHN","0.68","-0.03","0","5.99","1375.6"
"1369","FDHSSKWTRTSP","0.81","0.23","1.5","9.1","1448.71"
"1370","YSHNTITNLYFS","0.87","-0.92","0.5","7.09","1459.75"
"1371","WPRYAESTLQLR","1.08","-0.06","1","9.1","1519.89"
"1372","KGVSLSYRKKGVSLSYR","0.85","0.29","5","10.57","1928.51"
"1373","SVSVGMKPSPRP","0.97","0.22","2","11.01","1241.63"
"1374","WPLHTSVYPPSP","1.33","-0.78","0.5","7.09","1380.73"
"1375","NTLPPFSPPSPP","1.29","-0.33","0","5.88","1250.57"
"1376","SFPDSNIAPSSP","0.95","-0.03","-1","3.8","1218.43"
"1377","QHAPSNSKSVLT","0.71","-0.03","1.5","9.11","1268.56"
"1378","WPTYLNPSSLKA","1.12","-0.53","1","8.94","1376.74"
"1379","GPSGNLHIRPAS","0.81","-0.07","1.5","10.11","1205.51"
"1380","SPLLSTRAVQLS","0.86","-0.31","1","10.11","1271.65"
"1381","SPMFTMIQGDAQ","0.99","-0.34","-1","3.8","1325.69"
"1382","VNSHQALWSPAQ","0.96","-0.58","0.5","7.1","1337.63"
"1383","STLPPPLRFANV","1.14","-0.42","1","10.11","1311.71"
"1384","SFNQPYLYKTAF","1.19","-0.72","1","8.83","1478.83"
"1385","YHTRIALPDNLP","1.12","-0.24","0.5","7.09","1409.78"
"1386","AQSTAFQKPLLM","1.07","-0.42","1","9.11","1334.77"
"1387","KCCYSL","1.12","-0.47","1","8.36","715.95"
"1388","RLLDTNRPLLPY","1.14","-0.06","1","9.1","1470.91"
"1389","CSDSWHYWC","1.17","-0.89","-0.5","5.09","1186.39"
"1390","FQHPSFI","1.42","-0.97","0.5","7.1","875.09"
"1391","SMSIASPYIALE","1.07","-0.51","-1","4","1281.65"
"1392","SMSIASPYIPWS","1.24","-0.82","0","5.88","1338.7"
"1393","SPGPMKLLKTPL","1.17","-0.07","2","10.02","1281.8"
"1394","TLNINRLILPRT","1.03","-0.28","2","12.01","1423.91"
"1395","SMSIGSPYITFG","0.98","-0.77","0","5.88","1259.61"
"1396","VPNTNSLPAAVN","0.8","-0.44","0","5.88","1196.49"
"1397","LIAKTALPQTNK","1","-0.07","2","10.02","1297.74"
"1399","LIAKTALPQTN","0.98","-0.35","1","9.11","1169.55"
"1400","CPHSKPCLC","1.16","-0.22","1.5","8.26","987.33"
"1401","GGCRGDMFGC","0.67","0.02","0","6.13","1002.28"
"1402","FRPNRAQDYNTN","0.79","0.34","1","9.1","1495.73"
"1413","QEFSPYMGLEFKKH","1.12","0.11","0.5","7.1","1741.2"
"1414","QEFSPNLWGLEFQKN","1.08","-0.13","-1","4.54","1837.25"
"1415","QEYSPNLWGHEFRSH","0.94","-0.07","0","6.03","1887.22"
"1416","HTFEPGV","0.93","-0.27","-0.5","5.25","785.95"
"1417","PSTNHAL","0.69","-0.39","0.5","7.1","738.89"
"1418","PSTLTSS","0.53","-0.24","0","5.88","691.82"
"1419","APSQTYH","0.89","-0.46","0.5","7.09","802.93"
"1420","KAMSWYA","1.16","-0.67","1","8.94","856.09"
"1421","SRESPHP","0.81","0.87","0.5","7.1","808.93"
"1422","QSRLSLG","0.7","0.03","1","10.11","759.96"
"1423","LDHFAPM","1.19","-0.51","-0.5","5.09","830.06"
"1424","LDKKTTS","0.63","0.96","1","8.94","791.99"
"1425","NMSPQLD","0.9","0.09","-1","3.8","803.98"
"1426","SQRQTLD","0.69","0.64","0","6.19","846.99"
"1427","STKLLHE","0.77","0.26","0.5","7.1","827.05"
"1428","TSPTNRS","0.4","0.43","1","10.11","761.87"
"1429","PHSPTSL","0.88","-0.3","0.5","7.1","737.9"
"1430","HGKYFVS","1.01","-0.5","1.5","8.94","837.04"
"1431","PQRHVNY","1.07","-0.13","1.5","9.1","913.1"
"1432","MMSQLAH","0.89","-0.7","0.5","7.1","817.09"
"1433","PMAHLEF","1.2","-0.51","-0.5","5.25","844.09"
"1434","ELIKESR","0.93","1.24","0","6.49","874.1"
"1435","QPENLPT","1.01","0.17","-1","4","797.96"
"1436","NTHMTAF","0.65","-0.77","0.5","7.1","821.01"
"1437","PFKLSKH","1.21","0.21","2.5","10.02","856.13"
"1438","ASSLHTI","0.73","-0.63","0.5","7.1","727.91"
"1439","HPLRLPA","1.25","-0.23","1.5","10.11","803.07"
"1440","HQSVNKE","0.68","0.67","0.5","7.1","840.99"
"1441","LQNPTPE","1.01","0.17","-1","4","797.96"
"1442","PTEAQLQ","0.96","0.1","-1","4","785.95"
"1443","LFAQLGP","1.25","-0.91","0","5.88","744.99"
"1444","NQPTRAL","0.84","0.1","1","10.11","798.99"
"1445","TPRTQKA","0.78","0.7","2","11.01","801"
"1446","IHFPSAS","1.07","-0.67","0.5","7.1","757.93"
"1447","PLRIAQH","1.23","-0.2","1.5","10.11","834.09"
"1448","CRLTGGKGVGC","0.64","0.03","2","9.03","1050.42"
"1449","CRRTNWQGAGC","0.72","0.01","2","9.1","1251.55"
"1450","CQLTGTHGAGC","0.57","-0.49","0.5","7.03","1047.33"
"1451","CADPNSVRAMC","0.82","0.06","0","6.13","1166.48"
"1452","CADPNSVRAHC","0.76","0.14","0.5","7.03","1172.43"
"1453","CAAHYRVGPWC","1.13","-0.7","1.5","8.38","1262.61"
"1454","PQNSKIPGPTFLDPH","1.14","-0.02","0.5","7.09","1648.07"
"1455","SMEPALPDWWWKMFK","1.44","-0.35","0","6.42","1952.53"
"1456","DKPTAFVSVYLKTAL","1.05","-0.26","1","8.83","1653.16"
"1457","APRPGPWLWSNADSV","1.1","-0.29","0","6.19","1653.03"
"1458","GVTDSSTSNLDMPHW","0.7","-0.15","-1.5","4.2","1646.96"
"1459","PKMTLQRSNIRPSMP","1.04","0.23","3","12.01","1756.33"
"1460","LYPLHTYTPLSLPLF","1.34","-1.14","0.5","7.09","1775.35"
"1461","LTGTCLQYQSRCGNTR","0.68","-0.14","2","9.03","1801.26"
"1462","AYTKCSRQWRTCMTTH","0.8","-0.13","3.5","9.53","1973.49"
"1463","ANTPCGPYTHDCPVKR","0.93","0.1","1.5","8.36","1759.2"
"1464","NISRCTHPFMACGKQS","0.86","-0.12","2.5","9.03","1780.29"
"1465","PRNICSRRDPTCWTTY","0.96","0.11","2","9.03","1969.43"
"1466","GCNGRC","0.49","0.2","1","8.39","608.76"
"1467","QHWSYKCIRP","1.32","-0.25","2.5","9.36","1317.67"
"1468","CVSNPRWKC","1.1","-0.04","2","9.03","1092.41"
"1469","CHVLWSTRC","0.99","-0.7","1.5","8.4","1104.43"
"1470","SWLAYPGAVSYR","1.1","-0.72","1","8.93","1369.7"
"1471","YSAYPDSVPMMS","1.05","-0.44","-1","3.8","1347.67"
"1472","SRESPHP","0.81","0.87","0.5","7.1","808.93"
"1473","VPWMEPAYQRFL","1.44","-0.59","0","6.35","1536.98"
"1474","BCDSDSDITWDQLWDLMK","0.97","0.22","-4","3.66","2053.5"
"1475","ATLDGVS","0.58","-0.13","-1","3.8","661.8"
"1476","RRHSVSG","0.47","0.66","2.5","12.01","797.96"
"1477","SGWFAGS","0.79","-0.83","0","5.88","710.83"
"1478","GSVSHRR","0.47","0.66","2.5","12.01","797.96"
"1479","GSVLPVL","1.11","-0.9","0","5.88","683.95"
"1480","RSGRVSN","0.39","0.76","2","12.01","774.92"
"1481","NSVRGSR","0.39","0.76","2","12.01","774.92"
"1482","NVVRQ","0.87","0.08","1","10.11","614.77"
"1483","CDCRGDCFC","0.88","0.28","-1","4.21","1021.26"
"1484","CSDSWHYWC","1.17","-0.89","-0.5","5.09","1186.39"
"1485","CSDWQHPWC","1.29","-0.64","-0.5","5.09","1161.39"
"1486","CSDYNHHWC","0.94","-0.58","0","5.99","1164.35"
"1487","CSDGQHYWC","0.99","-0.52","-0.5","5.09","1098.29"
"1488","CYDSWHYWC","1.37","-1.18","-0.5","5.09","1262.49"
"1489","CFDGNHIWC","1.14","-0.78","-0.5","5.09","1094.35"
"1490","CTDFPRSFC","1.03","-0.12","0","6.13","1075.32"
"1491","CTQDRQHPC","0.88","0.39","0.5","7.03","1087.31"
"1492","CLSRYLDQC","1.03","-0.16","0","6.13","1100.39"
"1493","CPRECESIC","1","0.5","-1","4.54","1039.31"
"1494","CTTHWGFTLC","0.92","-1.14","0.5","7.03","1168.49"
"1495","CRRHWGFEFC","1.12","-0.19","1.5","8.4","1340.67"
"1496","CVPELGHEC","0.95","0.02","-1.5","4.51","986.25"
"1497","HTMYYHHYQHHL","1.04","-1.06","2.5","7.46","1667.03"
"1498","CGNKRTRGC","0.53","0.76","3","9.72","994.27"
"1499","CGRECPRLCQSSC","0.82","0.31","1","8.18","1441.84"
"1500","CGEACGGQCALPC","0.83","-0.28","-1","4","1211.58"
"1501","IWSGYGVYW","1.42","-1.6","0","5.87","1130.4"
"1502","PSCAYMCIT","1.12","-0.89","0","5.82","988.31"
"1503","WESLYFPRE","1.29","-0.08","-1","4.54","1226.47"
"1504","SKVLYYNWE","1.22","-0.53","0","6.35","1201.47"
"1505","CGLMCQGACFDVC","0.97","-0.65","-1","3.8","1349.81"
"1506","CERACRNLCREGC","0.71","0.68","1","8.18","1512.92"
"1507","CPRGCLAVCVSQC","0.98","-0.45","1","8.18","1338.81"
"1508","CKVCNGRCCG","0.76","0.07","2","8.65","1042.4"
"1509","CEMCNGRCMG","0.68","0.06","0","6.27","1103.46"
"1510","CPLCNGRCAL","0.96","-0.39","1","8.27","1049.42"
"1511","CPTCNGRCVR","0.79","0.13","2","8.82","1108.44"
"1512","CGVCNGRCGL","0.69","-0.31","1","8.27","981.31"
"1513","CEQCNGRCGQ","0.66","0.36","0","6.27","1097.34"
"1514","CRNCNGRCEG","0.51","0.64","1","8.27","1111.36"
"1515","CVLCNGRCWS","0.95","-0.62","1","8.27","1140.49"
"1516","CVTCNGRCRV","0.72","-0.02","2","8.82","1110.46"
"1517","CTECNGRCQ","0.61","0.33","0","6.27","1013.24"
"1518","CRTCNGRCLE","0.66","0.4","1","8.27","1154.47"
"1519","CETCNGRCVG","0.59","0.13","0","6.27","1041.31"
"1520","CAVCNGRCGF","0.8","-0.43","1","8.27","1029.34"
"1521","CSCCNGRCGD","0.56","0.25","0","6.08","1017.25"
"1522","CWGCNGRCRM","0.84","-0.15","2","8.82","1185.55"
"1523","CPLCNGRCAR","0.86","0.09","2","8.82","1092.44"
"1524","CKSCNGRCLA","0.73","0.12","2","8.8","1054.39"
"1525","CVPCNGRCHE","0.83","0.12","0.5","7.01","1117.41"
"1526","CQSCNGRCVR","0.7","0.22","2","8.82","1125.43"
"1527","CRTCNGRCQV","0.7","0.15","2","8.82","1139.46"
"1528","CVQCNGRCAL","0.85","-0.34","1","8.27","1066.41"
"1529","CRCCNGRCSP","0.76","0.25","2","8.67","1098.41"
"1530","CASNNGRVVL","0.67","-0.26","1","8.6","1032.32"
"1531","CGRCNGRCLL","0.77","-0.04","2","8.82","1094.47"
"1532","CWLCNGRCGR","0.88","-0.2","2","8.82","1167.52"
"1533","CSKCNGRCGH","0.58","0.3","2.5","8.8","1064.35"
"1534","CVWCNGRCGL","0.95","-0.65","1","8.27","1110.47"
"1535","CIRCNGRCSV","0.81","0.02","2","8.82","1110.46"
"1536","CGECNGRCVE","0.63","0.47","-1","4.54","1069.32"
"1537","CEGVNGRRLR","0.64","0.79","2","10.29","1159.47"
"1538","CLSCNGRCPS","0.75","-0.1","1","8.27","1039.33"
"1539","CEVCNGRCAL","0.79","-0.06","0","6.27","1067.39"
"1540","GRSQMQI","0.89","0.09","1","10.11","819.05"
"1541","HHTRFVS","0.75","-0.3","2","10.11","883.07"
"1542","SKGLRHR","0.66","1","3.5","12.01","853.09"
"1543","VASVSVA","0.75","-0.7","0","5.88","631.81"
"1544","WRVLAAF","1.33","-1.03","1","10.11","862.13"
"1545","KMGPKVW","1.35","-0.03","2","10.02","845.17"
"1546","IFSGSRE","0.78","0.33","0","6.36","794.95"
"1547","SPGSWTW","1.07","-0.94","0","5.88","819.96"
"1548","NPRWFWD","1.48","-0.44","0","6.19","1020.2"
"1549","GRWYKWA","1.37","-0.51","2","10.01","966.2"
"1550","IKARASP","1.03","0.5","2","11.01","741.97"
"1551","SGWCYRC","1.06","-0.63","1","8.38","874.08"
"1552","ALVGLMR","0.98","-0.56","1","10.11","759.08"
"1553","LWAEMTG","0.94","-0.63","-1","4","807.03"
"1554","CWSGVDC","0.96","-0.51","-1","3.8","768.94"
"1555","DTLRLRI","1","0.46","1","9.95","886.16"
"1556","SKSSGVS","0.39","0.39","1","9.11","650.77"
"1557","IVADYQR","1.17","0.01","0","6.19","864.06"
"1558","VWRTGHL","0.98","-0.66","1.5","10.11","868.11"
"1559","VVDRFPD","1.16","0.5","-1","4.21","847.02"
"1560","LSMFTRP","1.05","-0.39","1","10.11","851.12"
"1561","GLPVKWS","1.25","-0.49","1","9.11","786.04"
"1562","IMYPGWL","1.64","-1.51","0","5.88","879.19"
"1563","CVMVRDGDC","0.84","0.3","-1","4.21","997.28"
"1564","CVRIRPC","1.26","0.1","2","9.1","846.16"
"1565","CQLAAVC","1.04","-0.87","0","5.82","706.96"
"1566","CGVGSSC","0.53","-0.41","0","5.82","611.77"
"1567","CVSGPRC","0.88","-0.03","1","8.39","720.94"
"1568","CGLSDSC","0.61","-0.03","-1","3.8","683.83"
"1569","CGEGHPC","0.76","0.07","-0.5","5.25","701.86"
"1570","CYTADPC","1.01","-0.31","-1","3.8","771.93"
"1571","CELSLISKC","1.02","-0.09","0","6.29","995.34"
"1572","CPEHRSLVC","0.96","0.06","0.5","7.04","1043.34"
"1573","CLVVHEAAC","0.96","-0.59","-0.5","5.25","944.25"
"1574","CYVELHC","1.14","-0.73","-0.5","5.25","866.11"
"1575","CWRKFYC","1.49","-0.6","2","8.98","1005.3"
"1576","CFWPNRC","1.35","-0.67","1","8.39","925.17"
"1577","CYSYFLAC","1.26","-1.39","0","5.81","969.23"
"1578","CPRGSRC","0.77","0.61","2","9.1","777.99"
"1579","CRLGIAC","1.02","-0.44","1","8.39","735.02"
"1580","CDDSWKC","0.99","0.56","-1","4.21","856.01"
"1581","CAQLLQVSC","1.04","-0.77","0","5.82","964.29"
"1582","CYPADPC","1.28","-0.26","-1","3.8","767.94"
"1583","CKALSQAC","0.9","-0.16","1","8.38","823.09"
"1584","CTDYVRC","0.92","-0.03","0","6.13","859.06"
"1585","CGETMRC","0.64","0.33","0","6.3","799.03"
"1586","CLSGSLSC","0.68","-0.59","0","5.82","769"
"1587","WGTGLC","0.91","-1.1","0","5.85","635.82"
"1588","GICKDDWCQ","1.14","0.22","-1","4.21","1067.32"
"1589","TSCDPSLCE","0.74","0.27","-2","3.67","954.14"
"1590","KGCGTRQCW","0.87","0.04","2","9.03","1038.33"
"1591","YRCREVLCQ","1.07","0.18","1","8.38","1169.5"
"1592","CWGTGLC","0.93","-1.09","0","5.82","738.97"
"1593","WSCADRTCM","0.86","-0.14","0","6.13","1072.34"
"1594","AGCRLKSCA","0.75","0.17","2","9.03","908.21"
"1595","SRCKTGLCQ","0.74","0.26","2","9.03","995.3"
"1596","PICEVSRCW","1.27","-0.27","0","6.3","1092.41"
"1597","WTCRASWCS","0.98","-0.68","1","8.39","1099.35"
"1598","GRCLLMQCR","0.97","-0.08","2","9.1","1079.49"
"1599","TECDMSRCM","0.68","0.48","-1","4.38","1075.36"
"1600","ARCRVDPCV","1","0.39","1","8.39","1018.32"
"1601","CIEGVLGGC","0.88","-0.46","-1","4","850.15"
"1602","CSVANSC","0.6","-0.46","0","5.82","682.84"
"1603","CSSTMRC","0.58","-0.01","1","8.39","787.01"
"1604","SIDSTTF","0.7","-0.21","-1","3.8","769.89"
"1605","GPSRVGG","0.59","0.26","1","10.11","628.78"
"1606","WWSGLEA","1.15","-0.83","-1","4","848.02"
"1607","LGTDVRQ","0.73","0.36","0","6.19","787.97"
"1608","LVGVRLL","1.13","-0.77","1","10.11","769.11"
"1609","GRPGDJW","0.83","0.37","0","6.19","668.8"
"1610","TVWNPVG","1.06","-0.94","0","5.88","771.97"
"1611","GLLLVVP","1.32","-1.2","0","5.88","710.04"
"1612","FAATSAE","0.63","-0.16","-1","4","695.8"
"1613","WCCRQFN","1.22","-0.64","1","8.39","956.19"
"1614","VGFGKAL","0.97","-0.47","1","9.11","690.94"
"1615","DSSLRLP","0.88","0.43","0","6.19","786.97"
"1616","KLWCAMS","1.18","-0.67","1","8.57","838.14"
"1617","SLVSFLG","0.94","-1","0","5.88","721.95"
"1618","GSFAFLV","1.09","-1.21","0","5.88","739.96"
"1619","IASVRWA","1.15","-0.63","1","10.11","802.03"
"1620","TWGHLRA","0.87","-0.51","1.5","10.11","840.05"
"1621","QYREGLV","0.99","0.09","0","6.35","864.07"
"1622","QSADRSV","0.59","0.69","0","6.19","761.87"
"1623","YMFWTSR","1.2","-0.94","1","9.1","990.23"
"1624","LVRRWYL","1.44","-0.69","2","10.84","1005.33"
"1625","TARGSSR","0.29","0.81","2","12.01","733.86"
"1626","TTREKNL","0.56","0.94","1","9.1","861.06"
"1627","PKWLLFS","1.55","-0.89","1","9.11","890.19"
"1628","LRTNVVH","0.78","-0.36","1.5","10.11","838.08"
"1629","AVMGLAA","0.85","-0.87","0","5.88","631.88"
"1630","VRNSLRN","0.6","0.49","2","12.01","858.06"
"1631","TDCTPSRCT","0.59","0.34","0","6.13","983.18"
"1632","SWCQFEKCL","1.23","-0.36","0","6.29","1143.46"
"1633","VPCRFKQCW","1.43","-0.36","2","9.03","1166.54"
"1634","CTAMRNTDC","0.57","0.18","0","6.13","1014.26"
"1635","CRESLKNC","0.75","0.71","1","8.38","952.21"
"1636","CMEMGVKC","0.94","-0.01","0","6.29","900.26"
"1637","VTCRSLMCQ","0.88","-0.39","1","8.39","1040.4"
"1638","CNNVGSYC","0.7","-0.64","0","5.82","859.04"
"1639","CGTRVDHC","0.66","0.2","0.5","7.03","890.1"
"1640","CISLDRSC","0.88","0.12","0","6.13","896.14"
"1641","CAMVSMED","0.79","0.09","-2","3.67","885.13"
"1642","CYLGVSNC","0.88","-0.89","0","5.82","858.1"
"1643","CYLVNVDC","1.09","-0.74","-1","3.8","928.19"
"1644","CIRSAVSC","0.87","-0.27","1","8.39","838.1"
"1645","LVCLPPSCE","1.22","-0.42","-1","4","960.29"
"1646","RHCFSQWCS","1.02","-0.51","1.5","8.4","1153.41"
"1647","FYCPGVGCR","1.12","-0.59","1","8.38","1001.3"
"1648","ISCAVDAC","0.93","-0.38","-1","3.8","781"
"1649","EACEMAGCL","0.79","-0.01","-2","3.8","926.2"
"1650","PRCESQLCP","1.08","0.3","0","6.3","1032.31"
"1651","RSCIKHQCP","1.09","0.24","2.5","9.03","1071.4"
"1652","QWCSRRWCT","1.09","-0.3","2","9.1","1225.52"
"1653","MFCRMRSCD","0.91","0.24","1","8.39","1148.5"
"1654","GICKDLWCQ","1.25","-0.31","0","6.13","1065.4"
"1655","NACESAICG","0.69","-0.14","-1","4","867.07"
"1656","APCGLLACI","1.18","-0.93","0","5.82","860.22"
"1657","NRCRGVSCT","0.54","0.29","2","9.1","995.25"
"1658","FPCEGKKCL","1.16","0.3","1","8.36","1024.38"
"1659","ADCRQKPCL","1.06","0.54","1","8.38","1033.34"
"1660","FGCVMASCR","0.89","-0.5","1","8.39","973.3"
"1661","AGCINGLCG","0.75","-0.66","0","5.82","807.08"
"1662","RSCAEPWCY","1.15","-0.21","0","6.29","1114.36"
"1663","DTCRALRCN","0.67","0.5","1","8.39","1051.31"
"1664","KGCGTRQCW","0.87","0.04","2","9.03","1038.33"
"1665","GRCVDGGCT","0.53","0.23","0","6.13","867.08"
"1666","YRCIARECE","1","0.6","0","6.43","1142.42"
"1667","KRCSSSLCA","0.69","0.29","2","9.03","954.23"
"1668","ICLLAHCA","1.16","-1.11","0.5","7.03","843.18"
"1669","QACPMLLCM","1.24","-0.94","0","5.82","1009.45"
"1670","LDCLSELCS","0.86","-0.09","-2","3.67","982.25"
"1671","AGCRVESC","0.66","0.29","0","6.3","824.03"
"1672","HTCLVALCA","0.93","-1","0.5","7.03","930.27"
"1673","IYCPGQECE","1.14","0.01","-2","3.8","1041.28"
"1674","RLCSLYGCV","1.01","-0.68","1","8.38","1013.36"
"1675","RKCEVPGCQ","0.97","0.63","1","8.38","1019.32"
"1676","EDCTSRFCS","0.65","0.52","-1","4.38","1047.22"
"1677","LECVVDSCR","0.88","0.28","-1","4.38","1023.3"
"1678","EICVDGLCV","1.06","-0.29","-2","3.67","950.26"
"1679","RWCREKSCW","1.15","0.39","2","9.03","1253.57"
"1680","FRCLERVCT","0.97","0.09","1","8.39","1126.47"
"1681","RPCGDQACE","0.82","0.74","-1","4.38","978.17"
"1682","CNKTDGDEGVTC","0.53","0.66","-2","4.03","1241.47"
"1683","PQRRSARLSA","0.77","0.7","3","12.31","1141.42"
"1684","IELLQAR","1.15","0.04","0","6.36","842.11"
"1685","ISLLQAR","1.09","-0.34","1","10.11","800.07"
"1686","IDLMQAR","1.1","0.11","0","6.19","846.11"
"1687","IILLQGR","1.32","-0.57","1","10.11","812.14"
"1688","ISLLGAR","0.94","-0.37","1","10.11","728.99"
"1689","FSLLDAR","0.97","-0.04","0","6.19","821.03"
"1690","IFLLWQR","1.66","-1.16","1","10.11","975.31"
"1691","CTPSPFSHC","0.98","-0.53","0.5","7.03","978.21"
"1692","AGTRMSWEV","0.78","-0.09","0","6.36","1036.29"
"1693","CSNRDARRC","0.57","1.11","2","9.1","1080.3"
"1694","WQPDTAHHWATL","1.07","-0.68","0","5.99","1462.76"
"1695","HNAYWHWPPSMT","1.19","-0.98","1","7.25","1526.86"
"1696","GHLIPLRQPSH","1.11","-0.26","2","10.11","1254.63"
"1697","YTSPHHSTTGHL","0.63","-0.52","1.5","7.35","1337.59"
"1698","WTHHHSYPRPL","1.14","-0.55","2.5","9.11","1430.75"
"1699","NSFPLMLMHHHP","1.11","-0.81","1.5","7.35","1460.92"
"1700","KHMHWHPPALN","1.17","-0.48","2.5","9.11","1367.76"
"1701","SLDSMSPQWHAD","0.89","-0.03","-1.5","4.2","1373.62"
"1702","SEFIHHWTPPPS","1.22","-0.46","0","6.01","1434.74"
"1703","NGFSHHAPLMRY","0.93","-0.49","2","9.11","1429.79"
"1704","HHEWTHHWPPP","1.28","-0.56","1","6.46","1460.74"
"1705","AWPENPSRRPF","1.17","0.28","1","9.95","1356.64"
"1706","AGFQHHPSFYRF","1.13","-0.65","2","9.11","1493.81"
"1707","QRSPMMSRIRLP","1.08","0.3","3","12.31","1471.97"
"1708","YRHWPIDYPPP","1.65","-0.39","0.5","7.09","1440.77"
"1709","MIHTNHWWAQD","1.11","-0.76","0","5.99","1438.75"
"1710","CALIIQKNEC","1.15","-0.15","0","6.29","1134.52"
"1711","CGLILQKNEC","1.02","-0.1","0","6.29","1120.5"
"1712","CGLIIQRNEC","1.04","-0.1","0","6.3","1148.51"
"1713","CGLIINKNEC","0.99","-0.1","0","6.29","1106.47"
"1714","CNAAESSKNC","0.52","0.4","0","6.29","1026.22"
"1715","CNAGESSRNC","0.41","0.45","0","6.3","1040.21"
"1716","CNAGESTKNC","0.47","0.38","0","6.29","1026.23"
"1717","CNAGDSSKNC","0.47","0.45","0","6.13","998.17"
"1718","CLSDGK","0.72","0.58","0","6.16","621.78"
"1719","CLSDGKPVS","0.85","0.26","0","6.16","905.15"
"1720","CSMSAKKKC","0.83","0.64","3","9.42","985.35"
"1721","CKTRVSCGV","0.74","0.1","2","9.03","952.27"
"1722","CASLSCR","0.71","-0.1","1","8.39","738.95"
"1723","CSGGKVLDC","0.75","0.11","0","6.13","881.15"
"1724","CASLSCR","0.71","-0.1","1","8.39","738.95"
"1725","CSGGKVLDC","0.75","0.11","0","6.13","881.15"
"1726","CSMSAKKKC","0.83","0.64","3","9.42","985.35"
"1727","CKTRVSCGV","0.74","0.1","2","9.03","952.27"
"1728","CASLSCR","0.71","-0.1","1","8.39","738.95"
"1729","WIFPWIQL","2.04","-1.81","0","5.88","1102.47"
"1730","WDLAWMFRLPVG","1.38","-0.85","0","6.19","1490.96"
"1731","CRGSGAGRC","0.47","0.42","2","9.1","866.09"
"1732","CKGGRAKDC","0.69","1.06","2","8.98","937.21"
"1733","CGSPGWVRC","0.98","-0.4","1","8.39","964.24"
"1734","VGVGEWSV","0.91","-0.57","-1","4","832.04"
"1735","SRPRR","0.76","1.86","3","12.31","670.82"
"1736","CXSRPRRZC","0.66","0.81","3","10.43","841.12"
"1737","CSRPRRSVC","0.81","0.68","3","10.43","1063.36"
"1738","CSRPRRSWC","0.96","0.47","3","10.43","1150.44"
"1739","CGLSGLGVA","0.7","-0.7","0","5.85","776.05"
"1740","CPIRPMEDC","1.22","0.43","-1","4.38","1063.38"
"1741","CPIDERPMC","1.22","0.43","-1","4.38","1063.38"
"1742","CALRDRPMC","1.01","0.38","1","8.39","1064.41"
"1743","CPEKFRPMC","1.27","0.36","1","8.38","1110.48"
"1744","CSPQSQPMC","1.05","-0.26","0","5.82","980.25"
"1745","GLIIQKNEC","1.1","0","0","6.32","1017.35"
"1746","CRGDK","0.67","1.6","1","8.57","577.71"
"1747","KDEPQRRSARLSAKPAPPKPEPKPKKAPAKK","1.09","1.24","8","10.77","3433.48"
"1748","CGQKRTRGC","0.64","0.76","3","9.72","1008.3"
"1749","NVVRQ","0.87","0.08","1","10.11","614.77"
"1750","PHSCNK","0.81","0.33","1.5","8.57","684.84"
"1751","HPLSKHPYWSQP","1.29","-0.39","2","8.94","1476.83"
"1752","IFLLWQR","1.66","-1.16","1","10.11","975.31"
"1753","APRPG","1.04","0.5","1","10.11","496.62"
"1754","CRGDRCPDC","0.82","1","0","6.23","1024.25"
"1755","CVNHPAFAC","1.04","-0.81","0.5","7.03","961.23"
"1756","KDEPQRRSARLSAKPAPPKPEPKPKKAPAKK","1.09","1.24","8","10.77","3433.48"
"1757","CGKRK","0.81","1.6","3","10.07","590.8"
"1758","KDEPQRRSARLSAKPAPPKPEPKPKKAPAKKC","1.09","1.17","8","10.47","3536.63"
"1759","RGDfK","0.86","1.3","1","9.1","621.75"
"1760","CSRPRRSEC","-0.71","1.18","2","9.1","1093.34"
"1761","KIKMVISWKG","-0.08","-0.05","3","10.31","1189.68"
"1764","IAGLATPGWSHWLAL","0.21","-1.07","0.5","7.1","1593.09"
"1765","DPRATPGS","-0.33","0.67","0","6.19","799.93"
"1766","GSQRKHSKRHIHKDHV","-0.56","0.84","6","11.1","1950.44"
"1767","VPWMEPAYQRFL","-0.05","-0.59","0","6.35","1536.98"
"1768","CDTRL","-0.42","0.56","0","6.16","606.75"
"1769","CGKRK","-0.75","1.6","3","10.07","590.8"
"1770","RGDLATLRQLAQEDGVVGVR","-0.24","0.36","0","6.47","2153.73"
"1771","MTVCNASQRQAHAQATAVSL","-0.13","-0.33","1.5","8.61","2087.64"
"1772","VSQTMRQTAVPLLWFWTGSL","0.02","-0.83","1","10.11","2322.03"
"1773","TACHQHVRMVRP","-0.3","-0.08","3","10.38","1434.87"
"1774","CPIEDRPMC","-0.24","0.43","-1","4.38","1063.38"
"1775","VHLGYAT","0.13","-1","0.5","7.09","759.96"
"1776","DMPGTVLP","0.06","-0.25","-1","3.8","829.09"
"1777","RGDLATLRQLAQEDGVVGVR","-0.24","0.36","0","6.47","2153.73"
"1778","MTVCNASQRQAHAQATAVSL","-0.13","-0.33","1.5","8.61","2087.64"
"1779","VSQTMRQTAVPLLWFWTGSL","0.02","-0.83","1","10.11","2322.03"
"1780","CSNRDARRC","-0.73","1.11","2","9.1","1080.3"
"1781","GDGRYGF","-0.2","0.17","0","6.19","770.89"
"1782","GDGRWGF","-0.15","0.01","0","6.19","793.93"
"1783","GDGRTGF","-0.22","0.44","0","6.19","708.82"
"1784","GDGRSGF","-0.24","0.54","0","6.19","694.79"
"1785","GDGRPGF","-0.21","0.5","0","6.19","704.83"
"1786","GDGRFGF","-0.11","0.14","0","6.19","754.89"
"1787","GDGRMGF","-0.16","0.31","0","6.19","738.91"
"1788","GDGRKGF","-0.36","0.93","1","9.1","735.89"
"1789","GDGRIGF","-0.09","0.24","0","6.19","720.88"
"1790","GDGRHGF","-0.26","0.43","0.5","7.1","744.86"
"1793","GDGRVGF","-0.12","0.29","0","6.19","706.85"
"1794","GDGRLGF","-0.12","0.24","0","6.19","720.88"
"1795","GDGRGGF","-0.18","0.5","0","6.19","664.77"
"1796","GDGRQGF","-0.3","0.53","0","6.19","735.85"
"1797","GDGREGF","-0.29","0.93","-1","4.38","736.83"
"1798","GDGRDGF","-0.3","0.93","-1","4.21","722.8"
"1799","GDGRNGF","-0.29","0.53","0","6.19","721.82"
"1800","GDGRRGF","-0.45","0.93","1","9.95","763.9"
"1801","GDGRAGF","-0.16","0.43","0","6.19","678.79"
"1802","QDGRVGF","-0.24","0.31","0","6.19","777.93"
"1803","QDGRYGF","-0.32","0.2","0","6.19","841.97"
"1804","QDGRWGF","-0.27","0.04","0","6.19","865.01"
"1805","QDGRTGF","-0.35","0.47","0","6.19","779.9"
"1806","QDGRSGF","-0.36","0.57","0","6.19","765.87"
"1807","QDGRPGF","-0.33","0.53","0","6.19","775.91"
"1808","QDGRFGF","-0.23","0.17","0","6.19","825.97"
"1809","QDGRKGF","-0.48","0.96","1","9.1","806.97"
"1810","QDGRMGF","-0.28","0.34","0","6.19","809.99"
"1811","QDGRLGF","-0.24","0.27","0","6.19","791.96"
"1812","QDGRIGF","-0.22","0.27","0","6.19","791.96"
"1813","QDGRHGF","-0.38","0.46","0.5","7.1","815.94"
"1814","QDGRGGF","-0.3","0.53","0","6.19","735.85"
"1816","QDGRQGF","-0.42","0.56","0","6.19","806.93"
"1817","QDGREGF","-0.41","0.96","-1","4.38","807.91"
"1819","QDGRDGF","-0.42","0.96","-1","4.21","793.88"
"1820","QDGRNGF","-0.41","0.56","0","6.19","792.9"
"1821","QDGRRGF","-0.57","0.96","1","9.95","834.98"
"1822","QDGRAGF","-0.28","0.46","0","6.19","749.87"
"1823","QDGRMGF","-0.28","0.34","0","6.19","809.99"
"1824","ADGRVGF","-0.11","0.21","0","6.19","720.87"
"1825","ADGRYGF","-0.18","0.1","0","6.19","784.91"
"1826","ADGRWGF","-0.13","-0.06","0","6.19","807.95"
"1827","ADGRTGF","-0.21","0.37","0","6.19","722.84"
"1828","ADGRSGF","-0.22","0.47","0","6.19","708.81"
"1829","ADGRPGF","-0.2","0.43","0","6.19","718.85"
"1830","ADGRFGF","-0.1","0.07","0","6.19","768.91"
"1831","ADGRMGF","-0.15","0.24","0","6.19","752.93"
"1832","ADGRKGF","-0.34","0.86","1","9.1","749.91"
"1833","ADGRIGF","-0.08","0.17","0","6.19","734.9"
"1834","ADGRLGF","-0.11","0.17","0","6.19","734.9"
"1835","ADGRHGF","-0.24","0.36","0.5","7.1","758.88"
"1836","ADGRGGF","-0.16","0.43","0","6.19","678.79"
"1838","ADGRQGF","-0.28","0.46","0","6.19","749.87"
"1839","ADGREGF","-0.27","0.86","-1","4.38","750.85"
"1841","ADGRDGF","-0.29","0.86","-1","4.21","736.82"
"1842","ADGRNGF","-0.28","0.46","0","6.19","735.84"
"1843","ADGRRGF","-0.44","0.86","1","9.95","777.92"
"1844","ADGRAGF","-0.15","0.36","0","6.19","692.81"
"1845","CREKA","-0.64","1.5","1","8.57","605.76"
"1846","CRNGRGPDC","-0.51","0.8","1","8.39","977.19"
"1847","CGNKRTRGC","-0.56","0.76","3","9.72","994.27"
"1848","CRGDKGPDC","-0.44","1.11","0","6.25","950.16"
"1849","YSAYPDSVPMMS","-0.02","-0.44","-1","3.8","1347.67"
"1850","HAIYPRH","-0.23","-0.37","2","9.11","893.11"
"1851","WQPDTAHHWATL","-0.07","-0.68","0","5.99","1462.76"
"1853","RGDFV","-0.23","0.4","0","6.19","592.71"
"1854","CTVALPGGYVRVC","0.06","-0.65","1","8.38","1337.8"
"1855","CRGDKGPDC","-0.44","1.11","0","6.25","950.16"
"1856","PKRRSARLSA","-0.59","0.98","4","12.31","1141.46"
"1857","PQRRSARLSA","-0.55","0.7","3","12.31","1141.42"
"1858","CRSRKG","-0.78","1.38","3","10.87","705.9"
"1859","CNRRTKAGC","-0.55","0.7","3","9.72","1008.29"
"1860","AKVKDEPQRRSARLSAKPAPPKPEPKPKKAPAKK","-0.48","1.16","9","10.82","3731.91"
"1861","CRGRRST","-0.79","1.13","3","11.71","835.03"
"1862","PKRRSARLSA","-0.59","0.98","4","12.31","1141.46"
"1863","PQRRSARLSA","-0.55","0.7","3","12.31","1141.42"
"1864","KDEPQRRSARLSAKPAPPKPEPKPKKAPAKK","-0.52","1.24","8","10.77","3433.48"
"1865","CSRPRRSWC","-0.6","0.47","3","10.43","1150.44"
"1866","CSRPRRSVC","-0.58","0.68","3","10.43","1063.36"
"1867","CSRPRRSEC","-0.71","1.18","2","9.1","1093.34"
"1868","CNGRC","-0.43","0.24","1","8.39","551.69"
"1869","CRSWNKADNRSC","-0.54","0.59","2","9.03","1439.73"
"1870","CLHRGNSC","-0.29","-0.1","1.5","8.4","889.12"
"1871","VVLVTSS","0.21","-0.87","0","5.88","703.93"
"1872","HGRVRPH","-0.53","0.5","3","12.01","858.07"
"1873","GGGVFWQ","0.19","-1.03","0","5.88","749.93"
"1874","CSGMARTKC","-0.28","0.23","2","9.03","956.27"
"1875","CPKTRRVPC","-0.48","0.57","3","9.72","1059.42"
"1876","CRSTRANPC","-0.48","0.4","2","9.1","1007.25"
"1877","RGSSS","-0.48","0.78","1","10.11","492.54"
"1878","CRNSWKPNC","-0.45","0.14","2","9.03","1107.38"
"1879","CKRAVR","-0.63","1","3","10.87","731.98"
"1880","CPKRPR","-0.79","1.33","3","10.87","756"
"1881","CARPAR","-0.51","0.67","2","10.38","672.86"
"1882","CGRKSKTVC","-0.4","0.6","3","9.53","981.31"
"1883","CRPPR","-0.72","1","2","10.38","627.81"
"1884","CNAGESSKNC","-0.3","0.45","0","6.29","1012.2"
"1885","CGLIIQKNEC","-0.08","-0.1","0","6.29","1120.5"
"1886","CREKA","-0.64","1.5","1","8.57","605.76"
"1887","RVRLVNL","-0.29","-0.06","2","12.01","869.18"
"1888","RVGLVAR","-0.21","0.1","2","12.01","770.04"
"1889","VRARLMS","-0.31","0.17","2","12.01","832.12"
"1890","EVRSRLS","-0.51","0.9","1","9.95","846.04"
"1891","RGRWLAL","-0.24","-0.21","2","12.01","871.15"
"1892","VSFLEYR","-0.13","-0.26","0","6.35","913.13"
"1893","SMSIARL","-0.07","-0.26","1","10.11","777.04"
"1894","ARRGWTL","-0.34","-0.01","2","12.01","859.09"
"1895","ALERRSL","-0.44","0.74","1","9.95","844.07"
"1896","SRRFVGG","-0.33","0.33","2","12.01","777.97"
"1897","WRQNMPL","-0.29","-0.44","1","10.11","944.22"
"1898","VKSVCRT","-0.31","0.27","2","9.55","792.05"
"1899","RVRGPER","-0.75","1.5","2","11.7","869.08"
"1900","FRVRGSP","-0.36","0.33","2","12.01","818.03"
"1901","GGRGSWE","-0.26","0.41","0","6.36","747.86"
"1902","VRRGSPQ","-0.55","0.71","2","12.01","798.99"
"1903","QVRRVPE","-0.55","0.89","1","9.95","883.11"
"1904","MRRDEQR","-1.01","1.99","1","9.86","990.19"
"1905","MSPQLAT","-0.02","-0.5","0","5.88","746.97"
"1906","SRRQPLS","-0.61","0.71","2","12.01","843.04"
"1907","GISALVLS","0.28","-0.85","0","5.88","759.03"
"1908","YSGKWGK","-0.25","0.09","2","9.72","825.03"
"1909","CRDVVSVIC","-0.03","-0.22","0","6.13","993.32"
"1910","CSCFRDVCC","-0.16","-0.19","0","6.08","1035.33"
"1911","LPRYLLS","-0.07","-0.63","1","9.1","861.15"
"1912","LMLPRAD","-0.14","0.09","0","6.19","815.09"
"1913","GLSGGRS","-0.18","0.26","1","10.11","632.77"
"1914","YSGKWGW","-0.04","-0.83","1","8.94","883.07"
"1915","VGVGEWSV","0.18","-0.57","-1","4","832.04"
"1916","CKGAKAR","-0.47","1","3","10.07","732.98"
"1917","CKAAKNK","-0.49","1.03","3","9.81","762.02"
"1918","SWCEPGWCR","-0.19","-0.28","0","6.3","1123.38"
"1919","CRPWHNQAHTEC","-0.34","-0.07","1","7.19","1481.79"
"1920","CRLRSYGTLSLC","-0.2","-0.29","2","9.03","1371.8"
"1921","CTVNEAYKTRMC","-0.28","0.07","1","8.36","1418.82"
"1922","CLRPYLNC","-0.16","-0.59","1","8.38","981.3"
"1923","CGKRYRNC","-0.62","0.61","3","9.53","999.27"
"1924","CTLRDRNC","-0.56","0.62","1","8.39","980.22"
"1925","CGFELETC","0","-0.09","-2","3.8","901.12"
"1926","CLAKENVVC","-0.05","-0.12","0","6.29","978.31"
"1927","CERVVGSSC","-0.18","0.18","0","6.3","939.18"
"1928","CWRGDRKIC","-0.44","0.53","2","9.03","1136.47"
"1929","CKWSRLHSC","-0.31","-0.12","2.5","9.03","1119.44"
"1930","CIGEVEVC","0.1","-0.1","-2","3.8","851.11"
"1931","CSSGCSKNCLEMC","-0.16","0","0","6.25","1364.77"
"1932","CVALCREACGEGC","-0.07","0.05","-1","4.54","1313.71"
"1933","CRKDKC","-0.77","1.67","2","8.98","751.98"
"1934","CARSKNKDC","-0.58","1.11","2","8.98","1024.28"
"1935","CKLMGEC","-0.1","0.13","0","6.29","783.08"
"1936","CRCLNVC","-0.17","-0.44","1","8.27","810.1"
"1937","CFVGHDLC","0.1","-0.66","-0.5","5.09","893.15"
"1938","CKLLSGVC","0.06","-0.47","1","8.38","822.16"
"1939","CLMGVHC","0.17","-1.01","0.5","7.03","762.07"
"1940","CRRFQDC","-0.61","0.67","1","8.39","927.14"
"1941","CVAWLNC","0.16","-1.29","0","5.82","808.07"
"1942","CVGECGGC","0.07","-0.19","-1","4","726.94"
"1943","CMGRWRLC","-0.27","-0.31","2","9.1","1024.39"
"1944","CTSPGGSC","-0.05","-0.22","0","5.82","710.87"
"1945","CLGRSSVC","-0.12","-0.21","1","8.39","824.08"
"1946","CWARAQGC","-0.17","-0.4","1","8.39","894.13"
"1947","CKGRSSAC","-0.36","0.51","2","9.03","811.03"
"1948","CGAREMC","-0.23","0.31","0","6.3","769"
"1949","CLPVASC","0.15","-0.79","0","5.82","691.94"
"1950","LNCDYQGTNPATSVSVPCTV","-0.06","-0.41","-1","3.8","2069.57"
"1951","YPCGGEAVAGVSSVRTMCSE","-0.05","-0.08","-1","4.54","2003.52"
"1952","CGNPSYRC","-0.31","-0.1","1","8.38","899.1"
"1953","CANAQSHC","-0.18","-0.35","0.5","7.03","833"
"1954","CRHWFDVVC","-0.08","-0.6","0.5","7.03","1164.48"
"1955","CGRSLDAC","-0.21","0.25","0","6.13","824.03"
"1956","CRTGTLFC","-0.09","-0.51","1","8.39","900.18"
"1957","CETLPAC","0","-0.24","-1","4","735.95"
"1958","CTRITESC","-0.27","0.21","0","6.3","912.14"
"1959","CLDWGRIC","-0.08","-0.38","0","6.13","965.26"
"1960","CKDWGRIC","-0.28","0.22","1","8.38","980.27"
"1961","CGVRLGC","-0.04","-0.33","1","8.39","706.97"
"1962","CNSRLQLRC","-0.44","0.12","2","9.1","1092.42"
"1963","CVLRGGRC","-0.26","0.09","2","9.1","863.17"
"1964","CLSSRLDAC","-0.18","0.06","0","6.13","967.23"
"1965","WRCVLREGPAGGCAWFNRHRL","-0.23","-0.13","3.5","10.37","2485.19"
"1966","CENWWGDVC","-0.05","-0.46","-2","3.67","1111.33"
"1967","CNSRLHLRC","-0.41","0.04","2.5","9.1","1101.43"
"1968","KLGKKLGKLGKKLGKLGKKLG","-0.27","0.77","9","10.91","2193.21"
"1969","KAAKKAAKAAKKAA","-0.33","1","6","10.71","1355.86"
"1970","KLAKKLAKLAKKLA","-0.25","0.63","6","10.71","1524.22"
"1971","KLAKLAKKLAKLAK","-0.25","0.63","6","10.71","1524.22"
"1972","PKRRSARLSA","-0.59","0.98","4","12.31","1141.46"
"1973","PQRRSARLSA","-0.55","0.7","3","12.31","1141.42"
"1974","CKGAKAR","-0.47","1","3","10.07","732.98"
"1975","CKAAKNK","-0.49","1.03","3","9.81","762.02"
"1976","CRSRKG","-0.78","1.38","3","10.87","705.9"
"1977","CRGRRST","-0.79","1.13","3","11.71","835.03"
"1978","CNRRTKAGC","-0.55","0.7","3","9.72","1008.29"
"1979","CSRPRRSWC","-0.6","0.47","3","10.43","1150.44"
"1980","CSRPRRSVC","-0.58","0.68","3","10.43","1063.36"
"1981","CSRPRRSEC","-0.71","1.18","2","9.1","1093.34"
"1982","AKVKDEPQRRSARLSAKPAPPKPEPKPKKAPAKK","-0.48","1.16","9","10.82","3731.91"
"1983","CGNKRTRGC","-0.56","0.76","3","9.72","994.27"
"1984","CRKDKC","-0.77","1.67","2","8.98","751.98"
"1985","CVRGGRARC","-0.45","0.56","3","10.43","977.28"
"1986","CTRGSRSKC","-0.56","0.8","3","9.72","997.26"
"1987","CQRGTRSRC","-0.69","0.79","3","10.43","1066.33"
"1988","CKRGSRSSC","-0.57","0.88","3","9.72","983.23"
"1989","CKRGNRSVC","-0.53","0.67","3","9.72","1022.32"
"1990","CARGARTKC","-0.45","0.62","3","9.72","965.26"
"1991","CKRGARSTC","-0.51","0.71","3","9.72","981.26"
"1992","RRGGRSKLAAALE","-0.39","0.78","3","11.72","1384.78"
"1993","RKRGGRS","-0.9","1.76","4","12.31","816.02"
"1994","GRGGRSRKLAAALE","-0.35","0.73","3","11.72","1441.85"
"1995","SRLGRMR","-0.66","0.89","3","12.31","875.15"
"1996","SMNEVRKR","-0.67","1.21","2","10.84","1019.29"
"1997","SGVSRDR","-0.58","1.16","1","9.95","775.9"
"1998","RMRRIDR","-0.97","1.7","3","12.01","1002.29"
"1999","CKRGARSTC","-0.51","0.71","3","9.72","981.26"
"2000","RPARPAR","-0.7","1.14","3","12.31","823.04"
"2001","CGNKRTRGC","-0.56","0.76","3","9.72","994.27"
"2002","FLPNSNHIKQGL","-0.1","-0.37","1.5","9.11","1367.76"
"2003","YLPNSNHIKQGL","-0.15","-0.36","1.5","8.94","1383.76"
"2004","LPNSNHIKQGL","-0.17","-0.18","1.5","9.11","1220.57"
"2005","YSPLNIHNGQKL","-0.15","-0.36","1.5","8.94","1383.76"
"2006","LKQGNHINLPS","-0.17","-0.18","1.5","9.11","1220.57"
"2007","NQHSKNTLLIGP","-0.17","-0.2","1.5","9.11","1321.69"
"2008","LNKQTHGLIPNS","-0.17","-0.2","1.5","9.11","1321.69"
"2009","TSPLNIHNGQKL","-0.17","-0.2","1.5","9.11","1321.69"
"2010","TLPNSNHIKQGL","-0.17","-0.2","1.5","9.11","1321.69"
"2011","CREKA","-0.64","1.5","1","8.57","605.76"
"2012","TSPLNIHNGQKL","-0.17","-0.2","1.5","9.11","1321.69"
"2013","CTPSPFSHC","-0.06","-0.53","0.5","7.03","978.21"
"2014","CPIEDRPMC","-0.24","0.43","-1","4.38","1063.38"
"2015","SFSIIHTPILPL","0.22","-0.98","0.5","7.1","1337.81"
"2016","FRPNRAQDYNTN","-0.52","0.34","1","9.1","1495.73"
"2017","CRGRRST","-0.79","1.13","3","11.71","835.03"
"2018","CGNSNPKSC","-0.3","0.22","1","8.38","909.11"
"2019","CSNIDARAC","-0.23","0.19","0","6.13","952.17"
"2020","TDSILRSYDWTY","-0.2","-0.23","-1","4.21","1519.79"
"2021","PRPSPKMGVSVS","-0.2","0.22","2","11.01","1241.63"
"2022","SVSVGMKPSPRP","-0.2","0.22","2","11.01","1241.63"
"2023","CLSDGKRKC","-0.46","0.94","2","8.98","1009.32"
"2024","CAGRRSAYC","-0.34","0.11","2","9.03","986.23"
"2025","CREAGRKAC","-0.5","1","2","9.03","993.27"
"2026","CGNKRTRGC","-0.56","0.76","3","9.72","994.27"
"2027","IFLLWQR","0.05","-1.16","1","10.11","975.31"
"2028","KLAKLAK","-0.25","0.63","3","10.31","771.11"
"2029","KDEPQRRSARLSAKPAPPKPEPKPKKAPAKK","-0.52","1.24","8","10.77","3433.48"
"2030","CGNKRTR","-0.75","1.11","3","10.87","834.05"
"2031","CRNGRGPDC","-0.51","0.8","1","8.39","977.19"
"2032","RGDFV","-0.23","0.4","0","6.19","592.71"
"2033","RGDGWK","-0.48","0.93","1","9.1","717.86"
"2034","CRGDKGPDC","-0.44","1.11","0","6.25","950.16"
"2035","CDCRGDCFC","-0.25","0.28","-1","4.21","1021.26"
"2036","CNGRCVSGCAGRC","-0.23","0.04","2","8.67","1285.66"
"2040","CTTHWGFTLC","0.08","-1.14","0.5","7.03","1168.49"
"2041","RRKRRR","-1.65","3","6","12.61","927.19"
"2042","ATWLPPR","-0.13","-0.44","1","10.11","840.08"
"2043","CPGPEGAGC","0.01","0.06","-1","4","789.99"
"2044","NGRAHA","-0.36","0.28","1.5","10.11","624.73"
"2045","CVCNGRMEC","-0.22","0.04","0","6.27","1014.33"
"2046","CNGRCVSGCAGRC","-0.23","0.04","2","8.67","1285.66"
"2047","ACDCRGDCFCG","-0.17","0.18","-1","4.21","1149.42"
"2048","RLTGGKGVG","-0.15","0.26","2","11.01","844.12"
"2049","VPWMEPAYQRFL","-0.05","-0.59","0","6.35","1536.98"
"2050","HLQLQPWYPQIS","-0.06","-0.89","0.5","7.09","1509.92"
"2051","DPRATPGS","-0.33","0.67","0","6.19","799.93"
"2052","IELLQAR","-0.15","0.04","0","6.36","842.11"
"2053","RIHYIF","-0.01","-0.98","1.5","9.1","848.1"
"2054","YIHYIF","0.28","-1.87","0.5","7.09","855.09"
"2055","PIHYIF","0.27","-1.48","0.5","7.09","789.03"
"2056","FSDTRL","-0.3","0.27","0","6.19","737.88"
"2057","FNDYRL","-0.33","-0.07","0","6.19","826.98"
"2058","FTDIRL","-0.13","-0.08","0","6.19","763.97"
"2059","FVDVRL","-0.04","-0.22","0","6.19","747.97"
"2060","FSDMRL","-0.22","0.12","0","6.19","767.97"
"2061","FSDARL","-0.22","0.25","0","6.19","707.85"
"2062","FDDARL","-0.3","0.7","-1","4.21","735.86"
"2063","PLSGDKSST","-0.24","0.52","0","6.19","891.06"
"2064","LQDRLRFAT","-0.35","0.24","1","9.95","1119.41"
"2065","DNNRPANSM","-0.47","0.57","0","6.19","1018.18"
"2066","RRPSHAMAR","-0.58","0.72","3.5","12.31","1081.37"
"2067","QILASGRWL","-0.02","-0.64","1","10.11","1043.37"
"2068","AIMASGQWL","0.18","-0.98","0","5.88","976.29"
"2069","ALRPSGEWL","-0.1","-0.13","0","6.36","1028.3"
"2070","LVSPSGSWT","0.06","-0.69","0","5.88","933.15"
"2071","LVRSTGQFV","-0.06","-0.47","1","10.11","1006.3"
"2075","ANVAENA","-0.09","0.06","-1","4","687.79"
"2076","GTPGPQGIAGQRGVV","-0.04","-0.15","1","10.11","1393.8"
"2077","CQQDYRSPLTFC","-0.26","-0.19","0","6.13","1460.8"
"2078","CYASNRYTC","-0.27","-0.44","1","8.36","1080.3"
"2079","CKASQSVTNDVAC","-0.17","0.05","0","6.13","1325.64"
"2080","THRPPMWSPVWP","-0.11","-0.6","1.5","10.11","1490.91"
"2081","HAIYPRH","-0.23","-0.37","2","9.11","893.11"
"2082","VEPNCDIHVMWEWECFERL","-0.11","-0.08","-3.5","4.25","2436.05"
"2083","VSFLEYR","-0.13","-0.26","0","6.35","913.13"
"2084","SMSIARL","-0.07","-0.26","1","10.11","777.04"
"2085","CGFECVRQCPERC","-0.31","0.32","0","6.39","1529.95"
"2086","VPLPAGGGTVLTKM","0.11","-0.44","1","9.11","1340.86"
"2087","MGWMDF","0.16","-0.92","-1","3.8","786.01"
"2088","LGPQGPPHLVADPSKKQGPWLEEEEEAYGWMDF","-0.13","0.19","-4.5","4.25","3739.63"
"2089","CAYHRLRRC","-0.53","0.21","3.5","9.72","1177.52"
"2091","CKDEPQRRSARLSAKPAPPKPEPKPKKAPAKK","-0.5","1.17","8","10.47","3536.63"
"2092","ADGACLRSGRGCGAAK","-0.21","0.41","2","9.03","1492.9"
"2093","CPLDIDFYC","0.05","-0.49","-2","3.57","1088.37"
"2095","RGDLATLRQLAQEDGVVGVR","-0.24","0.36","0","6.47","2153.73"
"2096","CDCRGDCFC","-0.25","0.28","-1","4.21","1021.26"
"2097","QRLGNQWAVGHLM","-0.11","-0.55","1.5","10.11","1509.96"
"2098","FRPNRAQDYNTN","-0.52","0.34","1","9.1","1495.73"
"2099","RSDLTPLFK","-0.27","0.31","1","9.1","1076.38"
"2100","RSDLTPLF","-0.16","-0.03","0","6.19","948.19"
"2101","RRPYILQLYENKPRRPYIL","-0.38","0.13","4","10.43","2489.25"
"2102","RRPYIL","-0.38","0.02","2","10.84","817.08"
"2103","DYMGWMDF","0.03","-0.6","-2","3.57","1064.3"
"2104","QWAVGHML","0.13","-1.1","0.5","7.1","941.24"
"2105","GSGKCCYSL","-0.07","-0.28","1","8.36","917.18"
"2106","YHWYGYTPQNVI","-0.01","-1.18","0.5","7.08","1540.88"
"2107","RGDYC","-0.45","0.54","0","6.15","612.71"
"2108","RGDFC","-0.33","0.5","0","6.16","596.71"
"2109","RGDFK","-0.56","1.3","1","9.1","621.75"
"2110","RTLIRMGTGAHAFAV","-0.04","-0.38","2.5","12.01","1601.12"
"2111","RNVPPIFKEVYWIAQ","-0.08","-0.39","1","8.93","1860.41"
"2112","PVRYGFSGPRLAELW","-0.09","-0.3","1","9.1","1748.23"
"2113","PKAFQYGGRAVGGLW","-0.03","-0.42","2","10.01","1607.07"
"2114","AREYGTRFSLIGGYR","-0.25","0.05","2","9.99","1746.17"
"2115","RNGRGPDC","-0.57","1.02","1","8.6","874.04"
"2116","RCSHYTGIRCSHGIYTGIRCQHVVL","-0.14","-0.41","4.5","9.19","2860.71"
"2117","RCSHYTGIRCSHMAATTAGIYTGIRCQH","-0.16","-0.33","4.5","9.19","3095.95"
"2118","RCSHYTGIRCSHMAATTAGIYTGIRGQHVVL","-0.09","-0.42","4.5","9.53","3361.35"
"2119","RCSHYTGIRASHMAATTAGIYTGIRCQHVVL","-0.09","-0.43","4.5","9.53","3375.37"
"2120","RASHYTGIRCSHMAATTAGIYTGIRCQHVVL","-0.09","-0.43","4.5","9.53","3375.37"
"2121","RCSHYTGIRCSHMAATTAGIYTGIRCQHVVL","-0.1","-0.45","4.5","9.19","3407.43"
"2122","CARSKNKDC","-0.58","1.11","2","8.98","1024.28"
"2123","CAKSRNRDC","-0.66","1.11","2","9.03","1052.29"
"2124","CAKSKNKDC","-0.51","1.11","2","8.94","996.27"
"2125","CAKSKNRDC","-0.58","1.11","2","8.98","1024.28"
"2126","CAKSRNKDC","-0.58","1.11","2","8.98","1024.28"
"2127","CARSRNRDC","-0.73","1.11","2","9.1","1080.3"
"2128","CARSKNRDC","-0.66","1.11","2","9.03","1052.29"
"2129","CARSRNKDC","-0.66","1.11","2","9.03","1052.29"
"2130","RRYCYRKKPYRKCR","-0.86","1.08","8","10.63","1976.57"
"2131","RRACYKKPYRCR","-0.75","0.91","6","10.46","1600.08"
"2132","RRACYKPYRCR","-0.71","0.72","5","10.32","1471.89"
"2133","RRACYEKPYRCR","-0.71","0.91","4","9.85","1601.02"
"2134","RRACYKKPYRCR","-0.75","0.91","6","10.46","1600.08"
"2135","RRACYRKKPYRCR","-0.82","1.07","7","10.97","1756.28"
"2136","RRWCYRKCYKGYCYRKCR","-0.63","0.41","8","9.97","2492.23"
"2137","FFDC","0.14","-0.75","-1","3.8","530.63"
"2138","FGWWGC","0.29","-1.72","0","5.85","754.94"
"2139","YHWYGYTPQNVI","-0.01","-1.18","0.5","7.08","1540.88"
"2140","RGDK","-0.86","2.25","1","9.1","474.56"
"2141","FLFSLIPSAISG","0.27","-0.98","0","5.88","1251.66"
"2142","GRVLRSS","-0.4","0.47","2","12.01","773.98"
"2143","SVGRSMRS","-0.42","0.51","2","12.01","879.1"
"2144","GGASIT","0.14","-0.4","0","5.88","504.62"
"2145","GRMLRSG","-0.38","0.46","2","12.01","776.02"
"2146","GRLLRSG","-0.34","0.39","2","12.01","757.99"
"2147","RSGLRSS","-0.52","0.73","2","12.01","761.92"
"2148","SVAYD","-0.03","-0.2","-1","3.8","553.62"
"2149","GGRVLRS","-0.34","0.43","2","12.01","743.96"
"2150","RVLRSGS","-0.4","0.47","2","12.01","773.98"
"2151","RPARPAR","-0.7","1.14","3","12.31","823.04"
"2152","VGDLTYLKK","-0.15","0.13","1","8.83","1036.37"
"2153","RGDLRELAK","-0.5","1.21","1","9.1","1057.34"
"2154","RGDLADLRK","-0.51","1.21","1","9.1","1043.31"
"2155","RGDLMKLAK","-0.33","0.73","2","10.01","1031.41"
"2156","GIDLTSLTK","-0.05","0.01","0","6.19","947.23"
"2157","VGDLTYLK","-0.03","-0.22","0","6.18","908.18"
"2158","EIKVTSSR","-0.36","0.74","1","9.1","919.15"
"2159","GIDVRDAPLK","-0.22","0.64","0","6.31","1083.39"
"2160","EVNAGQFAT","-0.04","-0.22","-1","4","936.11"
"2161","TPHFLRIQNV","-0.13","-0.51","1.5","10.11","1224.58"
"2162","EPYSTCGYSQ","-0.18","-0.22","-1","4","1134.31"
"2163","ETFSGGCLFD","0.03","-0.19","-2","3.67","1075.29"
"2164","CEVCNGRCAL","-0.14","-0.06","0","6.27","1067.39"
"2165","CLSCNGRCPS","-0.22","-0.1","1","8.27","1039.33"
"2166","CEGVNGRRLR","-0.51","0.79","2","10.29","1159.47"
"2167","CGECNGRCVE","-0.27","0.47","-1","4.54","1069.32"
"2168","CIRCNGRCSV","-0.29","0.02","2","8.82","1110.46"
"2169","CVWCNGRCGL","-0.05","-0.65","1","8.27","1110.47"
"2170","CSKCNGRCGH","-0.37","0.3","2.5","8.8","1064.35"
"2171","CWLCNGRCGR","-0.28","-0.2","2","8.82","1167.52"
"2172","CGRCNGRCLL","-0.27","-0.04","2","8.82","1094.47"
"2173","CASNNGRVVL","-0.12","-0.26","1","8.6","1032.32"
"2174","CRCCNGRCSP","-0.42","0.25","2","8.67","1098.41"
"2175","CVQCNGRCAL","-0.15","-0.34","1","8.27","1066.41"
"2176","CRTCNGRCQV","-0.42","0.15","2","8.82","1139.46"
"2177","CQSCNGRCVR","-0.43","0.22","2","8.82","1125.43"
"2178","CVPCNGRCHE","-0.27","0.12","0.5","7.01","1117.41"
"2179","CKSCNGRCLA","-0.27","0.12","2","8.8","1054.39"
"2180","CPLCNGRCAR","-0.32","0.09","2","8.82","1092.44"
"2181","CWGCNGRCRM","-0.31","-0.15","2","8.82","1185.55"
"2182","CSCCNGRCGD","-0.29","0.25","0","6.08","1017.25"
"2183","CRDLNGRKVM","-0.45","0.66","2","9.55","1191.57"
"2184","CAVCNGRCGF","-0.06","-0.43","1","8.27","1029.34"
"2185","CETCNGRCVG","-0.22","0.13","0","6.27","1041.31"
"2186","CRTCNGRCLE","-0.41","0.4","1","8.27","1154.47"
"2187","CTECNGRCQL","-0.31","0.12","0","6.27","1126.42"
"2188","CVTCNGRCRV","-0.3","-0.02","2","8.82","1110.46"
"2189","CVLCNGRCWS","-0.09","-0.62","1","8.27","1140.49"
"2190","CRNCNGRCEG","-0.5","0.64","1","8.27","1111.36"
"2191","CEQCNGRCGQ","-0.4","0.36","0","6.27","1097.34"
"2192","CGVCNGRCGL","-0.07","-0.31","1","8.27","981.31"
"2193","CPTCNGRCVR","-0.36","0.13","2","8.82","1108.44"
"2194","CPLCNGRCAL","-0.09","-0.39","1","8.27","1049.42"
"2195","CEMCNGRCMG","-0.21","0.06","0","6.27","1103.46"
"2196","CKVCNGRCCG","-0.25","0.07","2","8.65","1042.4"
"2197","CVLNGRME","-0.19","0.08","0","6.32","921.21"
"2198","ALNGREESP","-0.34","0.8","-1","4.54","972.14"
"2199","CNGRC","-0.43","0.24","1","8.39","551.69"
"2200","CVLNGRMEC","-0.16","-0.04","0","6.3","1024.36"
"2201","NGRAHA","-0.36","0.28","1.5","10.11","624.73"
"2202","CNGRCVSGCAGRC","-0.23","0.04","2","8.67","1285.66"
"2203","CGRECPRLCQSSC","-0.35","0.31","1","8.18","1441.84"
"2204","PKRRSARLSA","-0.59","0.98","4","12.31","1141.46"
"2205","PQRRSARLSA","-0.55","0.7","3","12.31","1141.42"
"2206","CSRPRRSWC","-0.6","0.47","3","10.43","1150.44"
"2207","CSRPRRSVC","-0.58","0.68","3","10.43","1063.36"
"2208","CSRPRRSEC","-0.71","1.18","2","9.1","1093.34"
"2209","CPKRPR","-0.79","1.33","3","10.87","756"
"2210","CARPAR","-0.51","0.67","2","10.38","672.86"
"2211","CSGMARTKC","-0.28","0.23","2","9.03","956.27"
"2212","CPKTRRVPC","-0.48","0.57","3","9.72","1059.42"
"2213","CRNSWKPNC","-0.45","0.14","2","9.03","1107.38"
"2214","CKRAVR","-0.63","1","3","10.87","731.98"
"2215","CGRKSKTVC","-0.4","0.6","3","9.53","981.31"
"2216","CRSWNKADNRSC","-0.54","0.59","2","9.03","1439.73"
"2217","CLHRGNSC","-0.29","-0.1","1.5","8.4","889.12"
"2218","VVLVTSS","0.21","-0.87","0","5.88","703.93"
"2219","HGRVRPH","-0.53","0.5","3","12.01","858.07"
"2220","GGGVFWQ","0.19","-1.03","0","5.88","749.93"
"2221","CSGMARTKC","-0.28","0.23","2","9.03","956.27"
"2222","CPKTRRVPC","-0.48","0.57","3","9.72","1059.42"
"2223","CRSTRANPC","-0.48","0.4","2","9.1","1007.25"
"2224","RGSSS","-0.48","0.78","1","10.11","492.54"
"2225","CRNSWKPNC","-0.45","0.14","2","9.03","1107.38"
"2226","CKRAVR","-0.63","1","3","10.87","731.98"
"2227","CPKRPR","-0.79","1.33","3","10.87","756"
"2228","CARPAR","-0.51","0.67","2","10.38","672.86"
"2229","CGRKSKTVC","-0.4","0.6","3","9.53","981.31"
"2230","CRPPR","-0.72","1","2","10.38","627.81"
"2231","RVRLVNL","-0.29","-0.06","2","12.01","869.18"
"2232","RVGLVAR","-0.21","0.1","2","12.01","770.04"
"2233","VRARLMS","-0.31","0.17","2","12.01","832.12"
"2234","EVRSRLS","-0.51","0.9","1","9.95","846.04"
"2235","RGRWLAL","-0.24","-0.21","2","12.01","871.15"
"2236","VSFLEYR","-0.13","-0.26","0","6.35","913.13"
"2237","SMSIARL","-0.07","-0.26","1","10.11","777.04"
"2238","ARRGWTL","-0.34","-0.01","2","12.01","859.09"
"2239","ALERRSL","-0.44","0.74","1","9.95","844.07"
"2240","SRRFVGG","-0.33","0.33","2","12.01","777.97"
"2241","WRQNMPL","-0.29","-0.44","1","10.11","944.22"
"2242","VKSVCRT","-0.31","0.27","2","9.55","792.05"
"2243","RVRGPER","-0.75","1.5","2","11.7","869.08"
"2244","FRVRGSP","-0.36","0.33","2","12.01","818.03"
"2245","GGRGSWE","-0.26","0.41","0","6.36","747.86"
"2246","VRRGSPQ","-0.55","0.71","2","12.01","798.99"
"2247","QVRRVPE","-0.55","0.89","1","9.95","883.11"
"2248","MRRDEQR","-1.01","1.99","1","9.86","990.19"
"2249","MSPQLAT","-0.02","-0.5","0","5.88","746.97"
"2250","SRRQPLS","-0.61","0.71","2","12.01","843.04"
"2251","GISALVLS","0.28","-0.85","0","5.88","759.03"
"2252","YSGKWGK","-0.25","0.09","2","9.72","825.03"
"2253","CRDVVSVIC","-0.03","-0.22","0","6.13","993.32"
"2254","CSCFRDVCC","-0.16","-0.19","0","6.08","1035.33"
"2255","LPRYLLS","-0.07","-0.63","1","9.1","861.15"
"2256","LMLPRAD","-0.14","0.09","0","6.19","815.09"
"2257","GLSGGRS","-0.18","0.26","1","10.11","632.77"
"2258","YSGKWGW","-0.04","-0.83","1","8.94","883.07"
"2259","VGVGEWSV","0.18","-0.57","-1","4","832.04"
"2260","CKGAKAR","-0.47","1","3","10.07","732.98"
"2261","CKAAKNK","-0.49","1.03","3","9.81","762.02"
"2262","SWCEPGWCR","-0.19","-0.28","0","6.3","1123.38"
"2263","CRPWHNQAHTEC","-0.34","-0.07","1","7.19","1481.79"
"2264","CRLRSYGTLSLC","-0.2","-0.29","2","9.03","1371.8"
"2265","CTVNEAYKTRMC","-0.28","0.07","1","8.36","1418.82"
"2266","CLRPYLNC","-0.16","-0.59","1","8.38","981.3"
"2267","CGKRYRNC","-0.62","0.61","3","9.53","999.27"
"2268","CTLRDRNC","-0.56","0.62","1","8.39","980.22"
"2269","CIGEVEVC","0.1","-0.1","-2","3.8","851.11"
"2270","CTLRDRNC","-0.56","0.62","1","8.39","980.22"
"2271","CGFELETC","0","-0.09","-2","3.8","901.12"
"2272","CGFECVRQCPERC","-0.31","0.32","0","6.39","1529.95"
"2273","CLAKENVVC","-0.05","-0.12","0","6.29","978.31"
"2274","CERVVGSSC","-0.18","0.18","0","6.3","939.18"
"2275","CWRGDRKIC","-0.44","0.53","2","9.03","1136.47"
"2276","CKWSRLHSC","-0.31","-0.12","2.5","9.03","1119.44"
"2277","CIGEVEVC","0.1","-0.1","-2","3.8","851.11"
"2278","CSSGCSKNCLEMC","-0.16","0","0","6.25","1364.77"
"2279","CVALCREACGEGC","-0.07","0.05","-1","4.54","1313.71"
"2280","CRKDKC","-0.77","1.67","2","8.98","751.98"
"2281","CARSKNKDC","-0.58","1.11","2","8.98","1024.28"
"2282","CKLMGEC","-0.1","0.13","0","6.29","783.08"
"2283","CRCLNVC","-0.17","-0.44","1","8.27","810.1"
"2284","CFVGHDLC","0.1","-0.66","-0.5","5.09","893.15"
"2285","CKLLSGVC","0.06","-0.47","1","8.38","822.16"
"2286","CLMGVHC","0.17","-1.01","0.5","7.03","762.07"
"2287","CRRFQDC","-0.61","0.67","1","8.39","927.14"
"2288","CVAWLNC","0.16","-1.29","0","5.82","808.07"
"2289","CVGECGGC","0.07","-0.19","-1","4","726.94"
"2290","CMGRWRLC","-0.27","-0.31","2","9.1","1024.39"
"2291","CTSPGGSC","-0.05","-0.22","0","5.82","710.87"
"2292","CLGRSSVC","-0.12","-0.21","1","8.39","824.08"
"2293","CWARAQGC","-0.17","-0.4","1","8.39","894.13"
"2294","CKGRSSAC","-0.36","0.51","2","9.03","811.03"
"2295","CGAREMC","-0.23","0.31","0","6.3","769"
"2296","CLPVASC","0.15","-0.79","0","5.82","691.94"
"2297","LNCDYQGTNPATSVSVPCTV","-0.06","-0.41","-1","3.8","2069.57"
"2298","YPCGGEAVAGVSSVRTMCSE","-0.05","-0.08","-1","4.54","2003.52"
"2299","CGNPSYRC","-0.31","-0.1","1","8.38","899.1"
"2300","CANAQSHC","-0.18","-0.35","0.5","7.03","833"
"2301","CRHWFDVVC","-0.08","-0.6","0.5","7.03","1164.48"
"2302","CGRSLDAC","-0.21","0.25","0","6.13","824.03"
"2303","CRTGTLFC","-0.09","-0.51","1","8.39","900.18"
"2304","CETLPAC","0","-0.24","-1","4","735.95"
"2305","CTRITESC","-0.27","0.21","0","6.3","912.14"
"2306","CLDWGRIC","-0.08","-0.38","0","6.13","965.26"
"2307","CKDWGRIC","-0.28","0.22","1","8.38","980.27"
"2308","CGVRLGC","-0.04","-0.33","1","8.39","706.97"
"2309","CNSRLQLRC","-0.44","0.12","2","9.1","1092.42"
"2310","CVLRGGRC","-0.26","0.09","2","9.1","863.17"
"2311","CLSSRLDAC","-0.18","0.06","0","6.13","967.23"
"2312","WRCVLREGPAGGCAWFNRHRL","-0.23","-0.13","3.5","10.37","2485.19"
"2313","CENWWGDVC","-0.05","-0.46","-2","3.67","1111.33"
"2314","CNSRLHLRC","-0.41","0.04","2.5","9.1","1101.43"
"2315","RPARPAR","-0.7","1.14","3","12.31","823.04"
"2316","RPARSGRAGGSVACRGDC","-0.35","0.59","3","10.37","1776.21"
"2317","RPARVKRGGSCAGALCY","-0.25","0.19","4","10.11","1765.31"
"2318","RNGRAHA","-0.56","0.67","2.5","12.01","780.93"
"2319","NGRAHA","-0.36","0.28","1.5","10.11","624.73"
"2320","CRGDC","-0.45","0.8","0","6.13","552.67"
"2321","CREKA","-0.64","1.5","1","8.57","605.76"
"2323","CRNGRGPDC","-0.51","0.8","1","8.39","977.19"
"2324","CGNKRTRGC","-0.56","0.76","3","9.72","994.27"
"2325","CRGDDGPDC","-0.4","1.11","-2","3.94","937.07"
"2326","CRGDKGPDC","-0.44","1.11","0","6.25","950.16"
"2327","RGDFK","-0.56","1.3","1","9.1","621.75"
"2328","CRQTKN","-0.72","0.83","2","9.55","748.93"
"2329","CRGTAEG","-0.28","0.59","0","6.32","692.83"
"2330","CMPKRPSSC","-0.35","0.37","2","9.03","1008.34"
"2331","CKSRKDGAC","-0.49","1.09","2","8.98","967.23"
"2332","CGKRK","-0.75","1.6","3","10.07","590.8"
"2333","RPARPAR","-0.7","1.14","3","12.31","823.04"
"2334","CGNKRTRGC","-0.56","0.76","3","9.72","994.27"
"2335","CGNKRTR","-0.75","1.11","3","10.87","834.05"
"2336","APRPG","-0.3","0.5","1","10.11","496.62"
"2337","CGNKRTRGC","-0.56","0.76","3","9.72","994.27"
"2338","CPCFLLGCC","0.21","-1.12","0","5.77","958.35"
"2339","DFKLFAVY","0.09","-0.64","0","6.18","1002.28"
"2340","CDCRGDCFC","-0.25","0.28","-1","4.21","1021.26"
"2341","CNGRC","-0.43","0.24","1","8.39","551.69"
"2342","VNTANST","-0.16","-0.3","0","5.88","705.81"
"2343","IELLQAR","-0.15","0.04","0","6.36","842.11"
"2344","IFLLWQR","0.05","-1.16","1","10.11","975.31"
"2345","IILLQAR","0.05","-0.64","1","10.11","826.16"
"2346","IDLMQAR","-0.2","0.11","0","6.19","846.11"
"2347","ISLLQAR","-0.1","-0.34","1","10.11","800.07"
"2348","FSLLDAR","-0.12","-0.04","0","6.19","821.03"
"2349","ISLLGAR","0.03","-0.37","1","10.11","728.99"
"2350","PLWRPSR","-0.43","0.16","2","12.01","911.16"
"2351","LLLMQLR","-0.01","-0.76","1","10.11","886.28"
"2352","LYLQRLR","-0.37","-0.21","2","10.84","961.28"
"2358","YHQVKPH","-0.3","-0.23","2","8.94","908.13"
"2359","GSPVMSW","0.11","-0.8","0","5.88","762.97"
"2360","GPKVTIW","0.06","-0.59","1","9.11","800.07"
"2361","NLQPPAY","-0.1","-0.6","0","5.88","801.99"
"2362","KIYTTLD","-0.13","-0.1","0","6.18","853.08"
"2363","GLAPFNA","0.16","-0.73","0","5.88","688.87"
"2364","GPSASRN","-0.37","0.47","1","10.11","687.79"
"2365","ELTPLTL","0.08","-0.46","-1","4","786.04"
"2366","HGGVRLY","-0.11","-0.44","1.5","9.1","801.02"
"2367","YHMPALM","0.12","-1.1","0.5","7.09","862.17"
"2368","ATYGNLW","0.07","-1.17","0","5.88","824"
"2369","FPFTKNL","-0.03","-0.57","1","9.11","866.12"
"2370","FSGGGNH","-0.03","-0.36","0.5","7.1","674.77"
"2371","GMMSSPP","0","-0.29","0","5.88","705.93"
"2372","SQPTWMF","0.01","-1.01","0","5.88","896.12"
"2373","CNAGESSKNC","-0.3","0.45","0","6.29","1012.2"
"2374","CGLIIQKNEC","-0.08","-0.1","0","6.29","1120.5"
"2375","CRTIGPSVC","-0.08","-0.27","1","8.39","935.24"
"2376","CDCRGDCFC","-0.25","0.28","-1","4.21","1021.26"
"2377","RGDFV","-0.23","0.4","0","6.19","592.71"
"2378","KGHYAERVG","-0.31","0.47","1.5","8.94","1016.25"
"2379","KGHYRAEVG","-0.31","0.47","1.5","8.94","1016.25"
"2380","KGHYAERVG","-0.31","0.47","1.5","8.94","1016.25"
"2381","SVSVGMKPSPRP","-0.2","0.22","2","11.01","1241.63"
"2382","NYLHNHPYGTVG","-0.07","-0.74","1","7.25","1371.66"
"2383","SNPFSKPYGLTV","-0.06","-0.39","1","8.94","1309.65"
"2384","GLHESTFTQRRL","-0.33","0.18","1.5","9.95","1444.79"
"2385","YPHYSLPGSSTL","-0.02","-0.68","0.5","7.09","1321.62"
"2386","SSLEPWHRTTSR","-0.4","0.28","1.5","9.95","1456.74"
"2387","LPLALPRHNASV","-0.05","-0.41","1.5","10.11","1287.7"
"2388","SVSVGMKPSPRP","-0.2","0.22","2","11.01","1241.63"
"2389","GISLSSYLQSTQ","-0.05","-0.54","0","5.88","1283.58"
"2390","EHMALTYPFRPP","-0.12","-0.27","0.5","7.1","1458.86"
"2391","HWAPSMYDYVSW","0.01","-0.97","-0.5","5.09","1541.86"
"2392","RTVPDYTAHVRT","-0.33","0.12","1.5","9.1","1415.73"
"2393","SGHQLLLNKMPN","-0.15","-0.27","1.5","9.11","1351.78"
"2394","TNSIWYTAPYMF","0.08","-1.2","0","5.87","1493.86"
"2395","GMSLSRQMLWSL","-0.05","-0.61","1","10.11","1408.88"
"2396","HLFPQSNYGGHS","-0.1","-0.55","1","7.25","1343.6"
"2398","PSPHRQRQHILR","-0.55","0.43","4","12.31","1524.93"
"2399","QTIRIIIRRSRT","-0.45","0.37","4","12.48","1513"
"2400","SLHMRHKRKPRR","-0.8","1.18","7","12.49","1602.11"
"2401","SSRSMQRTLIIS","-0.26","0.02","2","12.01","1378.78"
"2402","IRSIRMRRILIL","-0.25","0.02","4","12.48","1540.18"
"2403","KTSMRPLILIHI","-0.02","-0.41","2.5","11.01","1422"
"2404","QRLGNQWAVGHLM","-0.11","-0.55","1.5","10.11","1509.96"
"2405","CGNKRTR","-0.75","1.11","3","10.87","834.05"
"2406","VNTANST","-0.16","-0.3","0","5.88","705.81"
"2407","MHTAPGTGTALS","0.03","-0.46","0.5","7.1","1143.45"
"2408","YEQDPWGVKWWY","-0.11","-0.59","-1","4.38","1656.99"
"2409","YEQDPWGVKWWYGYGMHTAPGTGTALS","-0.02","-0.55","-0.5","5.33","3059.77"
"2411","CGNKRTR","-0.75","1.11","3","10.87","834.05"
"2413","CRGDKGPDC","-0.44","1.11","0","6.25","950.16"
"2416","CRGDKGPD","-0.5","1.38","0","6.28","847.01"
"2417","NHQQQNPHQPPM","-0.4","-0.09","1","7.26","1455.76"
"2418","RGDFK","-0.56","1.3","1","9.1","621.75"
"2419","NVVRQ","-0.4","0.08","1","10.11","614.77"
"2420","CREKA","-0.64","1.5","1","8.57","605.76"
"2421","ASEWQHRYMFEF","-0.19","-0.29","-0.5","5.41","1630.96"
"2422","QMGFMTSPLHSV","0.04","-0.71","0.5","7.1","1334.75"
"2423","QYWNIQNGPYGG","-0.09","-0.75","0","5.87","1396.67"
"2425","CVNHPAFAC","0.07","-0.81","0.5","7.03","961.23"
"2426","CNGRCKHKHK","-0.63","0.92","5","9.86","1210.58"
"2427","KDEPQRRSARLSAKPAPPKPEPKPKKAPAKKC","-0.5","1.17","8","10.47","3536.63"
"2428","WREAAYQRFL","-0.28","-0.18","1","9.1","1339.65"
"2429","CGNKRTRGC","-0.56","0.76","3","9.72","994.27"
"2430","CCGPDGRDGRDGRDGR","-0.57","1.38","0","6.39","1691.98"
"2431","CSPGAK","-0.16","0.3","1","8.57","561.72"
"2432","RGDYK","-0.68","1.34","1","8.93","637.75"
"2434","RGDYK","-0.68","1.34","1","8.93","637.75"
"2435","CGNKRTR","-0.75","1.11","3","10.87","834.05"
"2436","CRGDKGPDC","-0.44","1.11","0","6.25","950.16"
"2437","YHWYGYTPQNVI","-0.01","-1.18","0.5","7.08","1540.88"
"2438","AREYGTRFSLIGGYR","-0.25","0.05","2","9.99","1746.17"
"2439","PKAFQYGGRAVGGLW","-0.03","-0.42","2","10.01","1607.07"
"2440","PVRYGFSGPRLAELW","-0.09","-0.3","1","9.1","1748.23"
"2441","RNVPPIFKEVYWIAQ","-0.08","-0.39","1","8.93","1860.41"
"2442","RTLIRMGTGAHAFAV","-0.04","-0.38","2.5","12.01","1601.12"
"2443","CRGDKGPDC","-0.44","1.11","0","6.25","950.16"
"2444","CRGDKGPDC","-0.44","1.11","0","6.25","950.16"
"2445","CGNKRTR","-0.75","1.11","3","10.87","834.05"
"2446","CRGDKGPDC","-0.44","1.11","0","6.25","950.16"
"2447","CGNKRTRGC","-0.56","0.76","3","9.72","994.27"
"2448","PLFAERLKLAKLAKKLAKLAKCGKRK","-0.3","0.62","9","10.8","2924.12"
"2449","CRGDKGPDC","-0.44","1.11","0","6.25","950.16"
"2450","ELYENKPRRPYIL","-0.37","0.4","1","8.83","1691.15"
"2452","CGNKRTRGC","-0.56","0.76","3","9.72","994.27"
"2453","CRGDKGPDC","-0.44","1.11","0","6.25","950.16"
"2454","AEGEFIHNRYNRFFYWYGDPAK","-0.21","-0.12","0.5","7.1","2781.35"
"2455","RGDFK","-0.56","1.3","1","9.1","621.75"
"2456","CREKA","-0.64","1.5","1","8.57","605.76"
"2457","CREKA","-0.64","1.5","1","8.57","605.76"
"2458","PAVRTNS","-0.3","0.16","1","10.11","743.9"
"2459","GREIRTGRAERWSEKF","-0.51","0.98","2","10.68","1978.42"
"2460","RPPLWTA","-0.13","-0.44","1","10.11","840.08"
"2461","GGLRSLGRKILRAWKKYGQRLGNQWAVGHLM","-0.21","-0.07","7.5","12.02","3551.73"
"2462","WQRPSSWGGLRSLGRKILRAWKKYGQRLGNQWAVGHLM","-0.23","-0.14","8.5","12.19","4479.85"
"2463","QRLGNQWAVGHLM","-0.11","-0.55","1.5","10.11","1509.96"
"2464","CGDGRG","-0.33","0.83","0","6.16","563.66"
"2465","CGNKRTR","-0.75","1.11","3","10.87","834.05"
"2466","GLHTSATNLYLH","0","-0.79","1","7.25","1326.66"
"2467","SGVYKVAYDWQH","-0.11","-0.46","0.5","7.09","1452.76"
"2468","CRGDKGPDC","-0.44","1.11","0","6.25","950.16"
"2469","KCRGDPLGVRGY","-0.32","0.45","2","9.36","1320.7"
"2470","KDEPQRRSARLSAKPAPPKPEPKPKKAPAKKC","-0.5","1.17","8","10.47","3536.63"
"2471","CGNSNPKSC","-0.3","0.22","1","8.38","909.11"
"2472","KKKRKCGNKRTR","-0.95","1.9","8","11.76","1503.01"
"2473","SMDPFLFQLLQL","0.1","-0.82","-1","3.8","1451.93"
"2474","ELYENKPRRPYIL","-0.37","0.4","1","8.83","1691.15"
"2475","PVGLIG","0.34","-0.85","0","5.88","554.78"
"2476","THVSPNQGGLPS","-0.1","-0.27","0.5","7.1","1193.46"
"2480","RGDYK","-0.68","1.34","1","8.93","637.75"
"2481","VSWAFYHSKHPQ","-0.12","-0.62","2","8.94","1486.82"
"2483","WNLPWYYSVSPTC","0.03","-1.18","0","5.84","1616"
"2484","CRGDKGPDC","-0.44","1.11","0","6.25","950.16"
"2485","CRGDKGPDC","-0.44","1.11","0","6.25","950.16"
"2487","FCYWKTCT","-0.05","-1","1","8.36","1051.34"
"2488","CREKA","-0.64","1.5","1","8.57","605.76"
"2489","QRLGNQWAVGHLM","-0.11","-0.55","1.5","10.11","1509.96"
"2490","KDEPQRRSARLSAKPAPPKPEPKPKKAPAKK","-0.52","1.24","8","10.77","3433.48"
"2491","CRGDKGPDC","-0.44","1.11","0","6.25","950.16"
"2492","CNGRC","-0.43","0.24","1","8.39","551.69"
"2493","PKKKRKVCGDKRWR","-0.75","1.51","7","11.13","1785.38"
"2494","CGNKRTR","-0.75","1.11","3","10.87","834.05"
"2498","RGDYK","-0.68","1.34","1","8.93","637.75"
"2500","CREKA","-0.64","1.5","1","8.57","605.76"
"2501","CGKRK","-0.75","1.6","3","10.07","590.8"
"2504","GFGR","-0.21","0.12","1","10.11","435.53"
"2506","CGNKRTRGC","-0.56","0.76","3","9.72","994.27"
"2507","CPKSNNGVC","-0.21","0.02","1","8.38","921.17"
"2508","CKKKRKCGNKRTRC","-0.81","1.49","8","10.59","1709.31"
"2509","KDEPQRRSARLSAKPAPPKPEPKPRKAPAKK","-0.54","1.24","8","11.14","3461.49"
"2510","CRGDKGPDC","-0.44","1.11","0","6.25","950.16"
"2514","CFCREKAKKLFKKILKKL","-0.34","0.68","7","10.16","2225.15"
"2515","CFKKLFKKILKKLCFCREKA","-0.28","0.44","7","9.96","2475.49"
"2518","CREKAKKLFKKILKKL","-0.43","0.99","7","10.41","1974.81"
"2519","RRLFRRILRRLCREKA","-0.68","0.99","7","12.13","2142.87"
"2520","CREKARRLFRRILRYL","-0.57","0.66","6","11.72","2149.86"
"2521","CREKALKLFKKILKYL","-0.26","0.36","5","10.03","1994.8"
"2522","CREKAKKLFKKILKYL","-0.36","0.66","6","10.15","2009.81"
"2523","CREKALKLFKKILKFL","-0.22","0.34","5","10.2","1978.8"
"2524","CREKAKKLFKKILKFL","-0.32","0.64","6","10.32","1993.81"
"2525","CREKAKKLFKKILKKL","-0.43","0.99","7","10.41","1974.81"
"2526","VSNKYFSNIHW","-0.09","-0.73","1.5","8.94","1394.71"
"2533","RGDCRKKRRQRRR","-1.21","2.25","8","12.13","1771.25"
"2534","CRGDKGPDC","-0.44","1.11","0","6.25","950.16"
"2535","RGDFC","-0.33","0.5","0","6.16","596.71"
"2536","LTVSPWYLTVSPWY","0.14","-1.3","0","5.87","1712.18"
"2537","CRGDKGPDC","-0.44","1.11","0","6.25","950.16"
"2538","CRNGRGPDC","-0.51","0.8","1","8.39","977.19"
"2539","CREKA","-0.64","1.5","1","8.57","605.76"
"2540","SGRGGLGGQGAGAAAAAGGAGQGGYGGLGSQGT","0.03","-0.17","1","9.1","2634.25"
"2541","CGNKRTRGC","-0.56","0.76","3","9.72","994.27"
"2542","KDEPQRRSARLSAKPAPPKPEPKPRKAPAKK","-0.54","1.24","8","11.14","3461.49"
"2543","LTVSPWY","0.14","-1.3","0","5.88","865.09"
"2544","ARRPKLD","-0.66","1.39","2","10.84","855.09"
"2545","CQRPPR","-0.72","0.87","2","10.38","755.96"
"2547","SIINFEKL","0","-0.17","0","6.35","963.26"
"2550","KDEPQRRSARLSAKPAPPKPEPKPRKAPAKK","-0.54","1.24","8","11.14","3461.49"
"2551","CGNKRTR","-0.75","1.11","3","10.87","834.05"
"2552","PYLHQSPHWKPS","-0.2","-0.39","2","8.94","1476.83"
"2553","HPLSKHPYWSQP","-0.2","-0.39","2","8.94","1476.83"
"2554","CGNKRTRGC","-0.56","0.76","3","9.72","994.27"
"2555","VEGFTGC","0.1","-0.34","-1","4","711.88"
"2558","CRGDKGPDC","-0.44","1.11","0","6.25","950.16"
"2559","RPARPAR","-0.7","1.14","3","12.31","823.04"
"2560","RPARPAR","-0.7","1.14","3","12.31","823.04"
"2561","CRGEKGPDC","-0.43","1.11","0","6.36","964.19"
"2562","PHSCN","-0.27","-0.2","0.5","7.06","556.65"
"2564","CSPFLHLLC","0.17","-1.12","0.5","7.03","1032.41"
"2565","CLPQLWLFC","0.21","-1.46","0","5.82","1122.54"
"2566","CGEMGWVRC","-0.09","-0.24","0","6.3","1040.36"
"2569","YGRKKRRQRRR","-1.21","1.99","8","12.31","1559.99"
"2570","RLWMRWYSPWTRRWG","-0.34","-0.47","4","12.01","2137.71"
"2571","WKCRRQCFRVLHHWN","-0.4","-0.21","5","10.79","2069.66"
"2572","DSLKSYWYLQKFSWR","-0.25","-0.29","2","9.55","2007.49"
"2573","KLWMRWWSPTTRRYG","-0.33","-0.27","4","11.73","2024.59"
"2574","RLIMRIYAPTTRRYG","-0.32","-0.04","4","11.56","1867.46"
"2575","RLYMRYYSPTTRRYG","-0.45","-0.05","4","10.43","1983.48"
"2576","RLWMRWYSPRTRAYG","-0.37","-0.21","4","11.56","1999.53"
"2577","KRPTMRFRYTWNPMK","-0.47","0.24","5","11.74","2012.63"
"2578","WKCRRQAFRVLHHWN","-0.39","-0.18","5","11.72","2037.6"
"2579","WKARRQCFRVLHHWN","-0.39","-0.18","5","11.72","2037.6"
"2580","ALYLAIRRRRRRRR","-0.84","1.09","8","12.48","1912.51"
"2581","RLLLRIGRR","-0.51","0.53","4","12.48","1152.59"
"2582","ALYLAIRRR","-0.33","0.03","3","11.72","1131.51"
"2583","RLRLRIGRR","-0.76","1.07","5","12.61","1195.61"
"2584","RLYLRIGRR","-0.56","0.48","4","12.01","1202.6"
"2585","RLLLRIGRR","-0.51","0.53","4","12.48","1152.59"
"2586","ALYLAIRRR","-0.33","0.03","3","11.72","1131.51"
"2587","RLRLRIGRR","-0.76","1.07","5","12.61","1195.61"
"2588","RLYLRIGRR","-0.56","0.48","4","12.01","1202.6"
"2589","RGDV","-0.45","1.12","0","6.19","445.52"
"2590","RGDFC","-0.33","0.5","0","6.16","596.71"
"2591","CGKRK","-0.75","1.6","3","10.07","590.8"
"2595","LLRHVVKILEKYL","-0.08","-0.22","2.5","9.72","1624.26"
"2596","LLRHVVKILSKYL","-0.05","-0.42","3.5","10.3","1582.22"
"2597","FLTFPGMTFGKLL","0.19","-0.92","1","9.11","1472.02"
"2598","FLFPLITSFLSKFL","0.24","-1.13","1","9.11","1673.28"
"2599","FLFPLLASFLGKVL","0.29","-1.09","1","9.11","1565.19"
"2600","RGDLLRHVVKILEKYL","-0.21","0.2","2.5","9.72","1952.63"
"2601","RGDLLRHVVKILSKYL","-0.19","0.03","3.5","10.29","1910.59"
"2603","ALYEALAAI","0.24","-0.74","-1","4","934.22"
"2604","GKGGRAKDGGC","-0.33","0.95","2","9.36","1005.27"
"2605","CKGGRAKDC","-0.45","1.06","2","8.98","937.21"
"2606","HAIYPRH","-0.23","-0.37","2","9.11","893.11"
"2607","GRKKRRQRRRPPQ","-1.09","1.88","8","12.71","1719.21"
"2608","QKYKSHGKGKSKGG","-0.46","0.93","5.5","10.31","1489.91"
"2609","YKQCHKKGGKKGSG","-0.44","0.84","5.5","10.03","1505.97"
"2610","RGDFK","-0.56","1.3","1","9.1","621.75"
"2611","CRGDC","-0.45","0.8","0","6.13","552.67"
"2612","CRNGRGPDC","-0.51","0.8","1","8.39","977.19"
"2613","CGNKRTRGC","-0.56","0.76","3","9.72","994.27"
"2614","CRGDKGPDC","-0.44","1.11","0","6.25","950.16"
"2615","CGNKRTR","-0.75","1.11","3","10.87","834.05"
"2618","PRPSPKMGVSVS","-0.2","0.22","2","11.01","1241.63"
"2619","SVSVGMKPSPRP","-0.2","0.22","2","11.01","1241.63"
"2621","QRLGNQWAVGHLM","-0.11","-0.55","1.5","10.11","1509.96"
"2622","CREKA","-0.64","1.5","1","8.57","605.76"
"2623","RGDYK","-0.68","1.34","1","8.93","637.75"
"2624","CRGDKPGDC","-0.44","1.11","0","6.25","950.16"
"2626","CRGDKPGDC","-0.44","1.11","0","6.25","950.16"
"2627","CRGDKPGDC","-0.44","1.11","0","6.25","950.16"
"2628","SLSLITMLKISR","-0.04","-0.32","2","11.01","1361.89"
"2629","CNGRCG","-0.33","0.2","1","8.39","608.76"
"2630","CRGDKPGDC","-0.44","1.11","0","6.25","950.16"
"2631","QFPPKLTNNSML","-0.14","-0.33","1","9.11","1389.81"
"2632","RPARSGRSAGGSVA","-0.31","0.49","3","12.31","1328.63"
"2633","CKGGRAKDC","-0.45","1.06","2","8.98","937.21"
"2634","SMSIARL","-0.07","-0.26","1","10.11","777.04"
"2635","YCDGFYACYMDV","0.04","-0.72","-2","3.57","1449.78"
"2636","CDCRGDCFC","-0.25","0.28","-1","4.21","1021.26"
"2637","CNGRC","-0.43","0.24","1","8.39","551.69"
"2638","CSNRDARRC","-0.73","1.11","2","9.1","1080.3"
"2639","AGKGTPSLETTP","-0.13","0.23","0","6.35","1158.44"
"2640","KLLNLISKLFGGRPARPAR","-0.22","0.16","5","12.31","2107.86"
"2641","LTLRWVGLMS","0.07","-0.87","1","10.11","1175.61"
"2642","CRGDKGPDC","-0.44","1.11","0","6.25","950.16"
"2643","CRGDKGPDC","-0.44","1.11","0","6.25","950.16"
"2644","CRNGRGPDC","-0.51","0.8","1","8.39","977.19"
"2645","NGQGEQ","-0.39","0.6","-1","4","631.69"
"2646","CNGRC","-0.43","0.24","1","8.39","551.69"
"2648","CGNKRTRGC","-0.56","0.76","3","9.72","994.27"
"2649","CRGDKGPDC","-0.44","1.11","0","6.25","950.16"
"2650","GACRGDCLGA","-0.09","0.12","0","6.13","922.17"
"2651","RGDH","-0.68","1.38","0.5","7.1","483.53"
"2652","CGNKRTRGC","-0.56","0.76","3","9.72","994.27"
"2653","CKRGARSTC","-0.51","0.71","3","9.72","981.26"
"2654","CTPSPFSHC","-0.06","-0.53","0.5","7.03","978.21"
"2655","RGDYK","-0.68","1.34","1","8.93","637.75"
"2656","CPGPEGAGC","0.01","0.06","-1","4","789.99"
"2659","ACDCRGDCFCG","-0.17","0.18","-1","4.21","1149.42"
"2660","CRGDKPGDC","-0.44","1.11","0","6.25","950.16"
"2661","CSWKYWFGEC","-0.04","-0.73","0","6.29","1308.62"
"2662","CRGDKPGDC","-0.44","1.11","0","6.25","950.16"
"2663","CGKRK","-0.75","1.6","3","10.07","590.8"
"2664","WHWRLPS","-0.17","-0.83","1.5","10.11","981.22"
"2665","AKRGARSTA","-0.46","0.82","3","12.01","917.14"
"2666","CSPGAKVRC","-0.24","0.26","2","9.03","920.22"
"2667","CRGDKGPDC","-0.44","1.11","0","6.25","950.16"
"2668","WSWGPYS","0.05","-1.21","0","5.88","882.03"
"2670","CGEMGWVRC","-0.09","-0.24","0","6.3","1040.36"
"2671","RGDFK","-0.56","1.3","1","9.1","621.75"
"2672","CGNKRTR","-0.75","1.11","3","10.87","834.05"
"2673","CRGRRST","-0.79","1.13","3","11.71","835.03"
"2674","RGDKLAK","-0.53","1.39","2","10.01","787.02"
"2675","NVVRQ","-0.4","0.08","1","10.11","614.77"
"2676","NVVRQ","-0.4","0.08","1","10.11","614.77"
"2677","CRGDKPGDC","-0.44","1.11","0","6.25","950.16"
"2678","CGNKRTR","-0.75","1.11","3","10.87","834.05"
"2679","CRGDKPGDC","-0.44","1.11","0","6.25","950.16"
"2680","CRGDKPGDC","-0.44","1.11","0","6.25","950.16"
"2681","AWEFYFP","0.17","-1.17","-1","4","959.15"
"2684","SREKA","-0.7","1.76","1","9.1","589.7"
"2685","CREKA","-0.64","1.5","1","8.57","605.76"
"2686","CRGDKPGDC","-0.44","1.11","0","6.25","950.16"
"2687","AKRGARSTA","-0.46","0.82","3","12.01","917.14"
"2688","CGNKRTRGC","-0.56","0.76","3","9.72","994.27"
"2689","CGNKRTR","-0.75","1.11","3","10.87","834.05"
"2691","AGRGRLVRSKLG","-0.36","0.56","4","12.31","1269.69"
"2693","AGRGRLVR","-0.45","0.65","3","12.31","884.16"
"2694","CRGDKGPDC","-0.44","1.11","0","6.25","950.16"
"2695","RADPAYQARFLGKRKFLCL","-0.27","0.16","4","10.3","2253.96"
"2696","LSTAADMQGVVTDGMASGLDKDYLKPDD","-0.13","0.33","-4","3.86","2914.61"
"2697","PPRRGLIKLKTS","-0.36","0.54","4","12.02","1365.86"
"2698","AGRGRLVR","-0.45","0.65","3","12.31","884.16"
"2699","CREKA","-0.64","1.5","1","8.57","605.76"
"2700","KDEPQRRSARLSAKPAPPKPEPKPKKAPAKKC","-0.5","1.17","8","10.47","3536.63"
"2701","VATANST","-0.03","-0.4","0","5.88","662.78"
"2702","VATANST","-0.03","-0.4","0","5.88","662.78"
"2703","VSNKYFSNIHWGC","-0.06","-0.69","1.5","8.54","1554.93"
"2704","YASYHCWCWRDPGRS","-0.26","-0.32","1.5","8.36","1887.27"
"2705","KKKGGYHWYGYTPQNVI","-0.18","-0.3","3.5","9.71","2039.59"
"2706","YHWYGYTPENVI","0","-0.94","-0.5","5.25","1541.86"
"2707","CREKA","-0.64","1.5","1","8.57","605.76"
"2708","RGDFK","-0.56","1.3","1","9.1","621.75"
"2709","RSGVAKS","-0.35","0.66","2","11.01","703.88"
"2710","CGGGCGKRK","-0.36","0.78","3","9.53","865.16"
"2711","CGNKRTRGC","-0.56","0.76","3","9.72","994.27"
"2712","CGNKRTR","-0.75","1.11","3","10.87","834.05"
"2713","AREYGTRFSLIGGYR","-0.25","0.05","2","9.99","1746.17"
"2714","CGNKRTR","-0.75","1.11","3","10.87","834.05"
"2715","CKAAKN","-0.38","0.7","2","9.36","633.83"
"2716","CKRDLSRRC","-0.75","1.28","3","9.72","1136.46"
"2717","CRGDKGPDC","-0.44","1.11","0","6.25","950.16"
"2720","KDEPQRRSARLSAKPAPPKPEPKPKKAPAKK","-0.52","1.24","8","10.77","3433.48"
"2722","FKKFFRKLK","-0.42","0.63","5","11.34","1241.71"
"2723","CVNHPAFACGYGHTMYYHHYQHHL","-0.04","-0.93","3","7.43","2887.59"
"2724","GGPLGLAGGKG","0.1","-0.1","1","9.11","883.19"
"2725","AREYGTRFSLIGGYR","-0.25","0.05","2","9.99","1746.17"
"2726","CRGDK","-0.68","1.6","1","8.57","577.71"
"2728","TAASGVRSMH","-0.14","-0.11","1.5","10.11","1016.27"
"2729","CRGDKGPDC","-0.44","1.11","0","6.25","950.16"
"2730","CRGDKGPDC","-0.44","1.11","0","6.25","950.16"
"2731","CQDGRMGFC","-0.21","0.04","0","6.13","1016.29"
"2732","CSSPIGRHC","-0.2","-0.08","1.5","8.4","959.22"
"2733","CSSRTMHHC","-0.32","-0.12","2","8.4","1061.33"
"2734","RGDK","-0.86","2.25","1","9.1","474.56"
"2735","CGKRK","-0.75","1.6","3","10.07","590.8"
"2736","SNTRVAP","-0.3","0.16","1","10.11","743.9"
"2737","CREKA","-0.64","1.5","1","8.57","605.76"
"2738","NVVRQ","-0.4","0.08","1","10.11","614.77"
"2739","NVVRQ","-0.4","0.08","1","10.11","614.77"
"2740","NVVRQ","-0.4","0.08","1","10.11","614.77"
"2741","KDEPQRRSARLSAKPAPPKPEPKPKKAPAKK","-0.52","1.24","8","10.77","3433.48"
"2742","CRGDKRGPDEC","-0.58","1.45","0","6.41","1235.49"
"2743","AGGCALPGSLAPLLCCTSL","0.17","-0.7","0","5.79","1747.39"
"2744","WPYWNHHSHNNV","-0.18","-0.93","1.5","7.35","1590.86"
"2745","FHHPSIHDRHRH","-0.44","0.21","3.5","9.96","1575.89"
"2746","HAIYPRH","-0.23","-0.37","2","9.11","893.11"
"2747","CRGDKGPDC","-0.44","1.11","0","6.25","950.16"
"2748","GLPWILLRWLFFRG","0.11","-1.06","2","12.01","1774.41"
"2749","AIPWIWIWRLLRKG","0.01","-0.76","3","12.01","1808.47"
"2750","RIRFPWPWRWPWWRRVRG","-0.38","-0.27","6","12.7","2594.33"
"2751","AIPWSIWWRLLFKG","0.1","-1.01","2","11.01","1773.37"
"2752","AIPWILIWRLLFKG","0.19","-1.04","2","11.01","1726.41"
"2753","GCGNS","-0.11","-0.1","0","5.85","436.5"
"2754","CRGDKGPDC","-0.44","1.11","0","6.25","950.16"
"2755","CRGDYK","-0.56","0.95","1","8.53","740.9"
"2756","CNGRCG","-0.33","0.2","1","8.39","608.76"
"2757","CRKRLDRNC","-0.79","1.27","3","9.72","1163.49"
"2758","CREKA","-0.64","1.5","1","8.57","605.76"
"2759","CREKA","-0.64","1.5","1","8.57","605.76"
"2760","CREKA","-0.64","1.5","1","8.57","605.76"
"2761","CRKRLDRNC","-0.79","1.27","3","9.72","1163.49"
"2762","CRGDKGPDC","-0.44","1.11","0","6.25","950.16"
"2763","YTYDPWLIFPAN","0.07","-0.98","-1","3.8","1499.85"
"2764","DFKRG","-0.56","1.3","1","9.1","621.75"
"2766","PPRRGLIKLKTS","-0.36","0.54","4","12.02","1365.86"
"2767","CGKRK","-0.75","1.6","3","10.07","590.8"
"2768","CGNKRTRGC","-0.56","0.76","3","9.72","994.27"
"2769","GKRK","-0.95","2.25","3","11.17","487.65"
"2770","AEQNPIYWARYADWLFTTPLLLLDLALLVDADEGTCG","0.02","-0.4","-5","3.67","4169.29"
"2772","CGNKRTR","-0.75","1.11","3","10.87","834.05"
"2773","CGEMGWVRC","-0.09","-0.24","0","6.3","1040.36"
"2774","RGDYK","-0.68","1.34","1","8.93","637.75"
"2775","CCRGDKNAAGPDC","-0.31","0.63","0","6.23","1309.61"
"2776","CGNKRTR","-0.75","1.11","3","10.87","834.05"
"2777","CRGDKGPDC","-0.44","1.11","0","6.25","950.16"
"2778","WNLPWYYSVSPTC","0.03","-1.18","0","5.84","1616"
"2779","FCDGFYACYADVGGG","0.11","-0.54","-2","3.57","1544.87"
"2780","RNWELRLK","-0.56","0.65","2","10.84","1114.43"
"2781","ACGLSGLGVA","0.24","-0.68","0","5.85","847.14"
"2782","CLKADKAKC","-0.32","0.8","2","8.94","979.33"
"2783","SNRDARR","-0.95","1.71","2","11.7","874"
"2784","CREKACKDEPQRRSARLSAKPAPPKPEPKPKKAPAKK","-0.52","1.22","9","10.31","4124.39"
"2785","HAIYPRHGGGF","-0.05","-0.46","2","9.11","1211.51"
"2786","RLYMRYYSPTTRRYG","-0.45","-0.05","4","10.43","1983.48"
"2787","CNGRC","-0.43","0.24","1","8.39","551.69"
"2788","YHWYGYTPQNVIGGGSGGGSC","0.02","-0.69","0.5","7.05","2160.63"
"2789","CRGDKGPDC","-0.44","1.11","0","6.25","950.16"
"2790","GNKRTRG","-0.73","1.26","3","12.01","787.97"
"2792","RRRRRRRR","-1.76","3","8","12.85","1267.6"
"2793","CRGDKGPDC","-0.44","1.11","0","6.25","950.16"
"2794","CRGDRGPDC","-0.51","1.11","0","6.25","978.17"
"2795","CREKA","-0.64","1.5","1","8.57","605.76"
"2796","TNYLFSPNGPIA","0.04","-0.72","0","5.88","1293.61"
"2797","CGLSGLGVAGGMVRRFLVTLRIRRACGPPRVRVK","-0.18","0.02","8","12.13","3653.01"
"2798","CKAAKN","-0.38","0.7","2","9.36","633.83"
"2799","HTPGNSNKWKHLQENKKGRPRR","-0.59","0.84","7","11.75","2669.34"
"2800","CREKA","-0.64","1.5","1","8.57","605.76"
"2801","YSAYPDSVPMMS","-0.02","-0.44","-1","3.8","1347.67"
"2802","CREKA","-0.64","1.5","1","8.57","605.76"
"2803","IPLVVPLRRRRRRRRC","-0.71","0.91","8","12.48","2102.85"
"2804","CRNGRGPDC","-0.51","0.8","1","8.39","977.19"
"2805","TFFYGGSRGKRNNFKTEEYC","-0.32","0.24","2","9.16","2404.92"
"2806","CGNKRTR","-0.75","1.11","3","10.87","834.05"
"2807","SIITFEKL","0.05","-0.25","0","6.35","950.26"
"2808","CGNKRTR","-0.75","1.11","3","10.87","834.05"
"2809","CTKPDKGYC","-0.32","0.48","1","8.34","1014.29"
"2810","CRGDRGPDC","-0.51","1.11","0","6.25","978.17"
"2811","KAVYNFATM","0","-0.64","1","8.94","1044.35"
"2812","CGEMGWVRC","-0.09","-0.24","0","6.3","1040.36"
"2813","MYPWTEPSYLSN","-0.07","-0.64","-1","4","1487.81"
"2814","GGRSFFLLRRIQGCRFRNTVDD","-0.33","0.27","3","11.41","2614.3"
"2815","LLIILRRRIRKQAHAHSK","-0.37","0.32","7","12.49","2210"
"2816","AGKGTPSLETTP","-0.13","0.23","0","6.35","1158.44"
"2817","CRGDRGPDC","-0.51","1.11","0","6.25","978.17"
"2818","CTKNSYLMC","-0.14","-0.48","1","8.36","1062.4"
"2819","KDEPQRRSARLSAKPAPPKPEPKPKKAPAKK","-0.52","1.24","8","10.77","3433.48"
"2820","CNGRC","-0.43","0.24","1","8.39","551.69"
"2821","CLSYYPSYC","0.01","-1.12","0","5.81","1098.36"
"2822","FYKRGDEK","-0.56","1.27","1","8.83","1042.26"
"2823","RRRRRRHHHH","-1.22","1.6","8","12.7","1503.84"
"2824","YSAYPDSVPMMSK","-0.11","-0.18","0","6.18","1475.86"
"2825","CNGRCG","-0.33","0.2","1","8.39","608.76"
"2826","CNWMINKEC","-0.17","-0.23","0","6.29","1140.48"
"2827","CRALKYSHSHSYWLRSGGGC","-0.21","-0.24","4","9.42","2268.84"
"2828","CGNKRTR","-0.75","1.11","3","10.87","834.05"
"2829","YSAYPDSVPMMSK","-0.11","-0.18","0","6.18","1475.86"
"2830","SGLYKVAYDWQH","-0.11","-0.48","0.5","7.09","1466.79"
"2831","SQDIRTWNGTRS","-0.43","0.33","1","9.95","1420.67"
"2832","GLHTSNTNLYLH","-0.08","-0.73","1","7.25","1369.69"
"2833","AYPQKFNNNFMS","-0.19","-0.42","1","8.94","1460.79"
"2834","SSQPFWS","-0.08","-0.69","0","5.88","837.97"
"2835","AKRGARSTA","-0.46","0.82","3","12.01","917.14"
"2836","KRKIFLRCKILV","-0.26","0.23","5","11.11","1517.18"
"2837","VLIKCRLFIKRK","-0.26","0.23","5","11.11","1517.18"
"2838","KRKIFLRCKILV","-0.26","0.23","5","11.11","1517.18"
"2839","VLIKCRLFIKRK","-0.26","0.23","5","11.11","1517.18"
"2840","RIRFPWPWRWPWWRRVRG","-0.38","-0.27","6","12.7","2594.33"
"2841","TGTPARQ","-0.35","0.27","1","10.11","729.88"
"2842","KNSMFAT","-0.15","-0.17","1","9.11","798.01"
"2843","TNKHSPK","-0.54","0.8","2.5","10.02","811"
"2844","CRGDKGPDC","-0.44","1.11","0","6.25","950.16"
"2845","PPRRGLIKLKTS","-0.36","0.54","4","12.02","1365.86"
"2846","KNGRE","-0.79","1.84","1","9.1","602.71"
"2847","NGRE","-0.72","1.55","0","6.36","474.52"
"2848","CRQTKN","-0.72","0.83","2","9.55","748.93"
"2849","SPSYVYHQF","-0.05","-0.92","0.5","7.09","1127.34"
"2850","YHWYGYTPQNVI","-0.01","-1.18","0.5","7.08","1540.88"
"2851","CCGKRKCCGKRK","-0.62","1.17","6","9.81","1369.9"
"2852","RKKRRQRRR","-1.49","2.69","8","12.71","1339.73"
"2853","CYGGRGNG","-0.21","-0.01","1","8.57","782.94"
"2854","CHAIYPRH","-0.2","-0.45","2","8.57","996.26"
"2855","RGDFK","-0.56","1.3","1","9.1","621.75"
"2856","AGKGTPSLETTP","-0.13","0.23","0","6.35","1158.44"
"2857","CRGDK","-0.68","1.6","1","8.57","577.71"
"2858","CRGDKGPDC","-0.44","1.11","0","6.25","950.16"
"2859","SMSIARLC","-0.06","-0.35","1","8.6","880.19"
"2860","CGLSGLGVA","0.23","-0.7","0","5.85","776.05"
"2861","CLQKTPKQC","-0.36","0.24","2","8.98","1048.41"
"2862","CVRARTR","-0.66","0.8","3","11.71","861.11"
"2863","SPSYAYHQF","-0.09","-0.81","0.5","7.09","1099.28"
"2864","GASNGINAYL","0.06","-0.62","0","5.88","979.2"
"2865","SLWERLAYGI","0","-0.53","0","6.35","1207.54"
"2866","CGNKRTR","-0.75","1.11","3","10.87","834.05"
"2867","SIWV","0.34","-1.6","0","5.88","503.65"
"2868","RLYMRYYSPTTRRYG","-0.45","-0.05","4","10.43","1983.48"
"2869","RPDPAYQPRFK","-0.49","0.63","2","10","1374.7"
"2870","RPDPAYQPRFKLK","-0.46","0.62","3","10.29","1616.07"
"2871","RPDPAYQPRFKKL","-0.46","0.62","3","10.29","1616.07"
"2872","RPDPAYQPRFKKLLK","-0.43","0.62","4","10.45","1857.44"
"2873","AGRGRLVR","-0.45","0.65","3","12.31","884.16"
"2874","WPYWNHHSHNNV","-0.18","-0.93","1.5","7.35","1590.86"
"2876","CRKDKC","-0.77","1.67","2","8.98","751.98"
"2877","CRGDKGPDC","-0.44","1.11","0","6.25","950.16"
"2878","AAEQNPIYWARYADWLFTTPLLLLDLALLVDADEGT","0.02","-0.4","-5","3.67","4080.16"
"2879","RGDKLAK","-0.53","1.39","2","10.01","787.02"
"2880","RGDPAYQGRFL","-0.3","0.19","1","9.1","1279.57"
"2881","RVDPAYQVRFL","-0.23","-0.08","1","9.1","1363.73"
"2882","RGDPAYQGRFL","-0.3","0.19","1","9.1","1279.57"
"2883","RPDPAYQPRFL","-0.34","0.19","1","9.1","1359.69"
"2885","RADPAYQARFL","-0.28","0.1","1","9.1","1307.61"
"2886","RPDPAYQVRFL","-0.28","0.05","1","9.1","1361.71"
"2887","RVDPAYQPRFL","-0.28","0.05","1","9.1","1361.71"
"2888","GRFLTGGTGRLLRIS","-0.16","-0.08","3","12.31","1604.12"
"2889","SHSFSVGSGDHSPFT","-0.07","-0.23","0","5.99","1548.79"
"2890","CQKHHNYLC","-0.29","-0.41","2","8.36","1145.45"
"2891","CREKA","-0.64","1.5","1","8.57","605.76"
"2892","CLRHSSKIC","-0.27","0.06","2.5","9.03","1046.39"
"2893","CRAGVGRGC","-0.24","0.22","2","9.1","878.15"
"2894","CRGDKGPDC","-0.44","1.11","0","6.25","950.16"
"2895","CNLNTIDTC","-0.11","-0.33","-1","3.8","996.24"
"2896","CNEWQLKSC","-0.26","-0.06","0","6.29","1110.39"
